family,cell,metric,stock,previous,covered,serial,covered_stock_percent,covered_previous_percent,serial_stock_percent,serial_covered_percent,previous_stock_percent
attention_fetch,h128-miss128-r1152/gather/copy/eager,gpu_us,9.32075,9.379999999999999,9.29,9.3105,-0.3299090738406396,-0.9594882729211052,-0.1099696912802206,0.22066738428416777,0.6356784593514408
attention_fetch,h128-miss128-r1152/gather/copy/eager,host_us,17.95,18.0425,17.9875,17.9975,0.20891364902506648,-0.3048358043508337,0.264623955431742,0.05559416261291528,0.5153203342618484
attention_fetch,h128-miss128-r1152/gather/copy/eager,submit_us,3.6399999999999997,3.7625,3.9425,3.93,8.310439560439576,4.784053156146162,7.967032967032983,-0.3170577045022105,3.3653846153846256
attention_fetch,h128-miss128-r1152/gather/copy/graph,gpu_us,15.980500250000002,16.16050025,16.10099975,16.21075025,0.7540408505046559,-0.36818476581502724,1.4408184750036135,0.6816377970566778,1.1263727491884756
attention_fetch,h128-miss128-r1152/gather/copy/graph,host_us,24.585,24.845,25.134999999999998,25.182499999999997,2.237136465324374,1.1672368685852197,2.430343705511473,0.1889795106425174,1.0575554199715231
attention_fetch,h128-miss128-r1152/gather/copy/graph,submit_us,3.705,3.6125,5.619999999999999,5.3725000000000005,51.68690958164639,55.57093425605535,45.006747638326594,-4.403914590747304,-2.496626180836714
attention_fetch,h128-miss128-r1152/gather/merge/eager,gpu_us,5.940250000000001,6.029999999999999,5.9405,5.9805,0.0042085770800781575,-1.4842454394693116,0.6775809098943597,0.6733439946132513,1.510879171752011
attention_fetch,h128-miss128-r1152/gather/merge/eager,host_us,14.555,14.655000000000001,14.6975,14.835,0.9790450017176155,0.2900034118048289,1.9237375472346274,0.9355332539547678,0.6870491240123844
attention_fetch,h128-miss128-r1152/gather/merge/eager,submit_us,3.5549999999999997,3.5949999999999998,3.585,3.525,0.8438818565400963,-0.2781641168289273,-0.8438818565400741,-1.673640167364021,1.1251758087201136
attention_fetch,h128-miss128-r1152/gather/merge/graph,gpu_us,12.86025,12.92075,12.8005,12.840499999999999,-0.46460994148637136,-0.9306735290134149,-0.15357399739508448,0.31248779344557054,0.470441865438076
attention_fetch,h128-miss128-r1152/gather/merge/graph,host_us,21.2975,21.555,21.6425,21.7775,1.6199084399577401,0.40593829737878284,2.2537856555933766,0.6237726695160095,1.20906209649021
attention_fetch,h128-miss128-r1152/gather/merge/graph,submit_us,3.6425,3.4425,5.635,4.93,54.701441317776236,63.68917937545389,35.346602608098834,-12.511091393078978,-5.490734385724094
attention_fetch,h128-miss128-r1152/gather/miss_attention/eager,gpu_us,47.9715,48.081749,48.0115005,48.08175,0.08338388418123177,-0.14610221437660886,0.2298239579750394,0.14631806810536663,0.2298218734040125
attention_fetch,h128-miss128-r1152/gather/miss_attention/eager,host_us,56.522499999999994,56.754999999999995,56.635000000000005,56.7525,0.19903578221065477,-0.21143511584880148,0.4069175991861629,0.20746887966802685,0.41134061656862286
attention_fetch,h128-miss128-r1152/gather/miss_attention/eager,submit_us,3.6075,3.58,3.585,3.505,-0.6237006237006182,0.13966480446927498,-2.8413028413028396,-2.231520223152028,-0.7623007623007605
attention_fetch,h128-miss128-r1152/gather/miss_attention/graph,gpu_us,54.871750250000005,55.242000250000004,54.9817515,55.041999749999995,0.20046973077918473,-0.4711066739477854,0.3102680326840579,0.10957862992049261,0.6747552216087804
attention_fetch,h128-miss128-r1152/gather/miss_attention/graph,host_us,63.855,63.9675,64.06025,63.769999999999996,0.32143136794300364,0.1449955055301544,-0.13311408660245938,-0.45308908410441884,0.17618040873854657
attention_fetch,h128-miss128-r1152/gather/miss_attention/graph,submit_us,3.6725000000000003,3.535,5.74,5.0525,56.296800544588145,62.376237623762364,37.57658270932607,-11.97735191637631,-3.744043567052424
attention_fetch,h128-miss128-r1152/gather/resident/eager,gpu_us,652.4104924999999,651.6307445,651.7907379999999,652.28073275,-0.09499456356459879,0.02455278566124708,-0.019889280060891856,0.07517669727918896,-0.11951800422644876
attention_fetch,h128-miss128-r1152/gather/resident/eager,host_us,661.37275,660.8299999999999,660.75275,661.2402500000001,-0.09374441266291056,-0.011689844589368725,-0.020034088190046262,0.07377948862112849,-0.08206416124645344
attention_fetch,h128-miss128-r1152/gather/resident/eager,submit_us,3.7425,4.0175,3.9549999999999996,4.0875,5.6780227120908355,-1.55569383945241,9.218436873747503,3.3501896333755,7.348029392117561
attention_fetch,h128-miss128-r1152/gather/resident/graph,gpu_us,658.21073975,659.650758,657.81050925,658.9627565000001,-0.060805829475230055,-0.2789731881123636,0.11425166813376908,0.17516400753672112,0.21877768973306289
attention_fetch,h128-miss128-r1152/gather/resident/graph,host_us,667.0377500000001,668.2752499999999,666.65525,668.2202500000001,-0.057343081407323915,-0.2424150827072924,0.17727632356638878,0.2347540201625975,0.18552173396479965
attention_fetch,h128-miss128-r1152/gather/resident/graph,submit_us,3.74,3.7,5.79,5.305,54.81283422459893,56.486486486486484,41.844919786096234,-8.376511226252159,-1.0695187165775444
attention_fetch,h128-miss128-r1152/gather-parallel/total/eager,gpu_us,699.781999,700.80225175,701.762259,700.792253,0.282982414927746,0.13698689574737077,0.14436696020241335,-0.1382243042511666,0.14579579804252507
attention_fetch,h128-miss128-r1152/gather-parallel/total/eager,host_us,709.08775,709.658,711.175,710.3925,0.2943570806292817,0.21376494029516913,0.184004024889739,-0.1100291770661066,0.08042023007730492
attention_fetch,h128-miss128-r1152/gather-parallel/total/eager,submit_us,15.84,16.4825,18.725,18.919999999999998,18.213383838383844,13.605338995904749,19.444444444444443,1.0413885180240223,4.056186868686873
attention_fetch,h128-miss128-r1152/gather-parallel/total/graph,gpu_us,706.55226725,714.49249975,708.692506,752.5760082500001,0.3029130114223566,-0.8117641195715009,6.51384803832431,6.1921781137050935,1.1237997340104
attention_fetch,h128-miss128-r1152/gather-parallel/total/graph,host_us,715.2505,724.1925,718.9155000000001,761.4255,0.5124078906620921,-0.7286736606634148,6.455780177713977,5.913073233224209,1.2501913665212472
attention_fetch,h128-miss128-r1152/gather-parallel/total/graph,submit_us,8.5675,9.2275,11.165,6.15,30.31806244528741,20.997019777837988,-28.217099503939302,-44.917151813703526,7.70353078494308
attention_fetch,h128-miss128-r1152/gather-serial/total/eager,gpu_us,746.9432502499999,745.70350375,744.8835077499999,745.843768,-0.2757562236904265,-0.10996273932957212,-0.14719756147899554,0.1289141510060654,-0.16597599611282154
attention_fetch,h128-miss128-r1152/gather-serial/total/eager,host_us,756.635,754.4755,754.6077499999999,755.253,-0.267929715120252,0.01752873353739748,-0.18265081578303644,0.08550800067983477,-0.28540842017616974
attention_fetch,h128-miss128-r1152/gather-serial/total/eager,submit_us,11.392500000000002,11.1375,11.645,11.645,2.216370419135383,4.556677890011218,2.216370419135383,0.0,-2.2383146807110177
attention_fetch,h128-miss128-r1152/gather-serial/total/graph,gpu_us,753.06400675,752.55376075,753.283501,753.013745,0.029146825240955465,0.09696852079679186,-0.006674299866871181,-0.035810687429360666,-0.06775599357111695
attention_fetch,h128-miss128-r1152/gather-serial/total/graph,host_us,762.615,761.5625,762.455,762.35525,-0.020980442293949686,0.11719327041443961,-0.0340604367865871,-0.013082739309211444,-0.1380119719648798
attention_fetch,h128-miss128-r1152/gather-serial/total/graph,submit_us,4.4725,4.130000000000001,6.225,5.7125,39.18390162101733,50.726392251815945,27.724986025712695,-8.232931726907623,-7.657909446618206
attention_fetch,h128-miss128-r1152/memcpy/copy/eager,gpu_us,282.7785015,283.03874275,301.86950425,297.26950075,6.751221414899522,6.653068522365735,5.1245052835107385,-1.5238384252920012,0.09203006898315103
attention_fetch,h128-miss128-r1152/memcpy/copy/eager,host_us,291.7725,292.39,311.83000000000004,306.9575,6.874362731237538,6.6486541947399225,5.204397261565097,-1.5625501074303494,0.2116374915387853
attention_fetch,h128-miss128-r1152/memcpy/copy/eager,submit_us,278.3,276.8875,298.295,294.82,7.184692777578161,7.731479391449603,5.9360402443406235,-1.1649541561206234,-0.5075458138699362
attention_fetch,h128-miss128-r1152/memcpy/copy/graph,gpu_us,277.79825024999997,281.09874575000003,277.96899525,283.12850749999996,0.06146367007220377,-1.113398955818734,1.9187511963099535,1.8561466703722163,1.1880908166375548
attention_fetch,h128-miss128-r1152/memcpy/copy/graph,host_us,286.61,289.7975,287.1875,292.06025,0.20149331844665497,-0.9006288874127688,1.9016259027947235,1.696713819368867,1.1121384459718886
attention_fetch,h128-miss128-r1152/memcpy/copy/graph,submit_us,5.437749999999999,5.51,7.19,7.3825,32.2238058020321,30.49001814882033,35.76387292538277,2.6773296244784417,1.3286745436991376
attention_fetch,h128-miss128-r1152/memcpy/merge/eager,gpu_us,5.9505,6.03025,5.9605,5.96025,0.16805310478109625,-1.1566684631648783,0.16385177716158328,-0.004194279003433277,1.3402235106293459
attention_fetch,h128-miss128-r1152/memcpy/merge/eager,host_us,14.55,14.5525,14.5975,14.604999999999999,0.3264604810996552,0.3092252190345368,0.37800687285221013,0.05137866072957298,0.01718213058419238
attention_fetch,h128-miss128-r1152/memcpy/merge/eager,submit_us,3.6325,3.6100000000000003,3.6875,3.64,1.5141087405368348,2.146814404432118,0.20646937370958351,-1.2881355932203409,-0.6194081211286839
attention_fetch,h128-miss128-r1152/memcpy/merge/graph,gpu_us,12.79025,12.92025,12.92075,12.8805,1.0203084380680627,0.0038698941583925617,0.705615605637111,-0.31151442447227007,1.0163992103359831
attention_fetch,h128-miss128-r1152/memcpy/merge/graph,host_us,21.310000000000002,21.83,21.895000000000003,21.72,2.745190051618951,0.2977553825011636,1.9239793524166826,-0.7992692395524248,2.440168934772391
attention_fetch,h128-miss128-r1152/memcpy/merge/graph,submit_us,3.6574999999999998,3.4825,5.7975,5.0375,58.509911141490115,66.47523330940417,37.7306903622693,-13.10909874946099,-4.784688995215303
attention_fetch,h128-miss128-r1152/memcpy/miss_attention/eager,gpu_us,48.051499750000005,48.051750500000004,48.19175075,48.091249250000004,0.2918764257716866,0.2913530694370614,0.08272270419613648,-0.20854502780227602,0.0005218359495628988
attention_fetch,h128-miss128-r1152/memcpy/miss_attention/eager,host_us,56.7375,56.775,56.980000000000004,57.0675,0.4274069178233253,0.3610744165565949,0.5816259087904951,0.15356265356265553,0.06609385327165374
attention_fetch,h128-miss128-r1152/memcpy/miss_attention/eager,submit_us,3.7275,3.7425,4.025,3.9975,7.9812206572769995,7.548430193720779,7.243460764587528,-0.6832298136645987,0.4024144869215318
attention_fetch,h128-miss128-r1152/memcpy/miss_attention/graph,gpu_us,55.11125075,54.992,54.911501,55.101750499999994,-0.36244822478467276,-0.14638311027057593,-0.017238313176937137,0.3464656702791613,-0.21638186101230472
attention_fetch,h128-miss128-r1152/memcpy/miss_attention/graph,host_us,64.055,63.802499999999995,63.6875,64.12,-0.5737257044727273,-0.18024372085732043,0.10147529466864036,0.6790971540726165,-0.3941924908282157
attention_fetch,h128-miss128-r1152/memcpy/miss_attention/graph,submit_us,3.565,3.5825,5.7975,5.1025,62.622720897615714,61.82833217027217,43.12762973352034,-11.987925830099188,0.4908835904628317
attention_fetch,h128-miss128-r1152/memcpy/resident/eager,gpu_us,650.31050125,650.82074675,650.8007494999999,650.010243,0.0753867958548371,-0.0030726202414288473,-0.04617152105385047,-0.12146674702008253,0.07846182693025394
attention_fetch,h128-miss128-r1152/memcpy/resident/eager,host_us,659.4427499999999,659.5425,660.39525,659.87,0.14444013525056754,0.12929416982225828,0.06478955148117027,-0.07953570229344287,0.015126407864829439
attention_fetch,h128-miss128-r1152/memcpy/resident/eager,submit_us,3.69,3.75,3.9225000000000003,3.98,6.300813008130102,4.600000000000004,7.859078590785917,1.4659018483110131,1.6260162601626105
attention_fetch,h128-miss128-r1152/memcpy/resident/graph,gpu_us,656.9307445000001,656.4305127499999,658.82074825,656.75051525,0.28770213082938145,0.3641262027852088,-0.027435045704427008,-0.31423312114851054,-0.07614680149896635
attention_fetch,h128-miss128-r1152/memcpy/resident/graph,host_us,665.94775,665.5055,668.94,665.7927500000001,0.44932203765235545,0.5160738716659896,-0.02327509928519156,-0.4704831524501407,-0.06640911392824522
attention_fetch,h128-miss128-r1152/memcpy/resident/graph,submit_us,3.71,3.7975,5.8675,5.3925,58.15363881401616,54.509545753785396,45.35040431266846,-8.09544098849595,2.358490566037741
attention_fetch,h128-miss128-r1152/memcpy-parallel/total/eager,gpu_us,980.0907675,972.40048675,1003.6115199999999,1005.2615107500001,2.3998545114343184,3.209689184166775,2.5682053218606615,0.16440532189190282,-0.7846498513210398
attention_fetch,h128-miss128-r1152/memcpy-parallel/total/eager,host_us,988.81,980.7825,1012.04025,1014.1299999999999,2.349313821664434,3.187021587354999,2.560653715071637,0.2064888229494688,-0.8118344272408207
attention_fetch,h128-miss128-r1152/memcpy-parallel/total/eager,submit_us,296.70750000000004,287.99,319.54525,323.41,7.6970585509297695,10.95706448140561,8.999603987091653,1.2094531212715642,-2.9380787475881243
attention_fetch,h128-miss128-r1152/memcpy-parallel/total/graph,gpu_us,717.76250025,725.48352175,728.6227495,729.9432455,1.5130700261182906,0.43270834634916433,1.6970439728680953,0.18123178296396425,1.075707005772908
attention_fetch,h128-miss128-r1152/memcpy-parallel/total/graph,host_us,726.53,735.385,738.08275,740.01,1.5901270422419067,0.366848657505936,1.855394821961931,0.2611157082319071,1.2188072068600064
attention_fetch,h128-miss128-r1152/memcpy-parallel/total/graph,submit_us,9.5725,11.4175,18.0775,17.8475,88.84826325411335,58.331508649003716,86.44554714024551,-1.2722998202185032,19.27396186993995
attention_fetch,h128-miss128-r1152/memcpy-serial/total/eager,gpu_us,1037.7727747499998,1037.53274675,1058.86375925,1050.3660142499998,2.0323316445722828,2.055936313028961,1.2134871723758378,-0.8025343133869378,-0.02312914790598697
attention_fetch,h128-miss128-r1152/memcpy-serial/total/eager,host_us,1046.8200000000002,1046.858,1068.05775,1060.24775,2.0287871840430904,2.0250836312088127,1.2827181368334495,-0.7312338682060937,0.0036300414588685825
attention_fetch,h128-miss128-r1152/memcpy-serial/total/eager,submit_us,302.755,299.79275,324.11775,317.50250000000005,7.056117983187726,8.113938712660662,4.871100394708616,-2.04100207409188,-0.9784314049313791
attention_fetch,h128-miss128-r1152/memcpy-serial/total/graph,gpu_us,1025.84275625,1026.3327359999998,1026.38250575,1029.8224985,0.05261522750066305,0.004849280185115212,0.38794856480226514,0.33515699368689145,0.04776363112324322
attention_fetch,h128-miss128-r1152/memcpy-serial/total/graph,host_us,1034.985,1035.20525,1035.7525,1038.58275,0.07415566409176844,0.052863912736156315,0.34761373353238145,0.2732554350580729,0.021280501649800776
attention_fetch,h128-miss128-r1152/memcpy-serial/total/graph,submit_us,5.6025,5.89,7.595000000000001,7.767500000000001,35.56448014279341,28.947368421052655,38.64346273984829,2.2712310730743868,5.131637661758148
attention_fetch,h32-miss128-r1152/gather/copy/eager,gpu_us,9.33025,9.380500000000001,9.33,9.42025,-0.0026794566061916214,-0.5383508341772925,0.9646043782320923,0.9673097534833808,0.53857077784627
attention_fetch,h32-miss128-r1152/gather/copy/eager,host_us,18.060000000000002,18.042499999999997,18.2075,18.17,0.8167220376522621,0.9145074130525233,0.6090808416389759,-0.2059590827955371,-0.09689922480623503
attention_fetch,h32-miss128-r1152/gather/copy/eager,submit_us,3.815,3.675,3.9299999999999997,4.03,3.014416775884654,6.938775510204076,5.635648754914824,2.5445292620865256,-3.669724770642202
attention_fetch,h32-miss128-r1152/gather/copy/graph,gpu_us,16.10024975,16.160249999999998,16.0199995,16.18050025,-0.4984410257362515,-0.8678733311675013,0.49844257850721885,1.0018773720935625,0.37266657928705094
attention_fetch,h32-miss128-r1152/gather/copy/graph,host_us,24.752499999999998,24.7225,25.045,25.075,1.1816988183011912,1.3044797249469164,1.302898697101318,0.11978438810140712,-0.12119987880011562
attention_fetch,h32-miss128-r1152/gather/copy/graph,submit_us,3.7925,3.655,5.6850000000000005,5.4475,49.90112063282797,55.54035567715461,43.63876071193145,-4.177660510114345,-3.625576796308505
attention_fetch,h32-miss128-r1152/gather/merge/eager,gpu_us,6.0605,5.96025,6.02,6.02,-0.6682616945796638,1.0024747284090418,-0.6682616945796638,0.0,-1.6541539476940814
attention_fetch,h32-miss128-r1152/gather/merge/eager,host_us,14.5375,14.5825,14.64,14.477500000000001,0.7050730868443766,0.394308246185493,-0.412725709372308,-1.1099726775956276,0.30954428202922823
attention_fetch,h32-miss128-r1152/gather/merge/eager,submit_us,3.5774999999999997,3.565,3.5475,3.5300000000000002,-0.8385744234800763,-0.4908835904628317,-1.3277428371767819,-0.49330514446792595,-0.34940600978335956
attention_fetch,h32-miss128-r1152/gather/merge/graph,gpu_us,12.8605,12.9605,12.9205,13.01025,0.4665448466233846,-0.308630068284399,1.164418179697524,0.6946325606594028,0.7775747443723002
attention_fetch,h32-miss128-r1152/gather/merge/graph,host_us,22.009999999999998,21.895,21.7375,21.91,-1.2380736029077521,-0.7193423155971601,-0.45433893684687643,0.7935595169637599,-0.5224897773739134
attention_fetch,h32-miss128-r1152/gather/merge/graph,submit_us,3.5999999999999996,3.4250000000000003,5.529999999999999,5.092499999999999,53.6111111111111,61.459854014598506,41.45833333333333,-7.911392405063289,-4.861111111111094
attention_fetch,h32-miss128-r1152/gather/miss_attention/eager,gpu_us,47.91149975,48.12174924999999,47.96099925,47.951499749999996,0.10331444487918784,-0.3340485383539815,0.08348726341007584,-0.019806718268078338,0.43882888470840875
attention_fetch,h32-miss128-r1152/gather/miss_attention/eager,host_us,56.650000000000006,56.9025,56.5875,56.5825,-0.11032656663725326,-0.5535784895215556,-0.11915269196822731,-0.008835873646995118,0.4457193292144668
attention_fetch,h32-miss128-r1152/gather/miss_attention/eager,submit_us,3.5625,3.595,3.5549999999999997,3.6075,-0.21052631578948322,-1.1126564673157313,1.2631578947368327,1.476793248945163,0.9122807017543977
attention_fetch,h32-miss128-r1152/gather/miss_attention/graph,gpu_us,54.8617505,55.031499,55.0512515,54.90150025,0.3454155185952379,0.03589308007039271,0.07245439607326265,-0.2720215179849328,0.3094113812500243
attention_fetch,h32-miss128-r1152/gather/miss_attention/graph,host_us,63.6125,63.802499999999995,63.9775,63.8525,0.5737865985458779,0.27428392304378324,0.37728433876988987,-0.19538118869915078,0.29868343485950355
attention_fetch,h32-miss128-r1152/gather/miss_attention/graph,submit_us,3.5949999999999998,3.44,5.617500000000001,5.23,56.258692628650934,63.29941860465118,45.47983310152992,-6.898086337338672,-4.311543810848395
attention_fetch,h32-miss128-r1152/gather/resident/eager,gpu_us,650.7795005,652.1589905000001,650.77950075,651.22951575,3.8415470804409324e-08,-0.21152660165620896,0.0691501882979173,0.06915014985588996,0.21197502363552445
attention_fetch,h32-miss128-r1152/gather/resident/eager,host_us,659.78025,661.0752500000001,660.7349999999999,660.475,0.14470727185300625,-0.05146917843319443,0.10530021169927739,-0.03935011767196572,0.19627747268884388
attention_fetch,h32-miss128-r1152/gather/resident/eager,submit_us,3.9074999999999998,3.8949999999999996,4.119999999999999,4.0725,5.438259756877795,5.776636713735539,4.222648752399238,-1.1529126213592145,-0.3198976327575265
attention_fetch,h32-miss128-r1152/gather/resident/graph,gpu_us,657.7100009999999,658.4400087500001,659.06001625,657.659486,0.20525995468330116,0.0941630963733564,-0.007680436654922129,-0.2125042053027104,0.11099234448164186
attention_fetch,h32-miss128-r1152/gather/resident/graph,host_us,666.5525,667.74,668.155,666.575,0.2404161712693309,0.062149938598854426,0.003375578067754681,-0.23647207609012177,0.17815550913093947
attention_fetch,h32-miss128-r1152/gather/resident/graph,submit_us,3.805,3.56,5.5249999999999995,5.3225,45.20367936925096,55.19662921348314,39.88173455978974,-3.665158371040722,-6.438896189224708
attention_fetch,h32-miss128-r1152/gather-parallel/total/eager,gpu_us,693.450749,695.011243,696.69099175,696.18125275,0.46726357346540404,0.2416865578676486,0.3937559738651286,-0.07316572282922706,0.2250331407458228
attention_fetch,h32-miss128-r1152/gather-parallel/total/eager,host_us,702.91525,705.3455,705.67,705.3774999999999,0.39190357585781044,0.046005822678374386,0.35029116241251934,-0.04144996953250324,0.34573869324929785
attention_fetch,h32-miss128-r1152/gather-parallel/total/eager,submit_us,16.1475,15.969999999999999,18.54,17.9225,14.81653506734788,16.09267376330621,10.99241368632915,-3.330636461704417,-1.0992413686329305
attention_fetch,h32-miss128-r1152/gather-parallel/total/graph,gpu_us,701.25174525,708.8012545,702.05073075,752.7629885,0.11393704264011095,-0.9523859766250031,7.345613554464103,7.223446330698091,1.0765761798294804
attention_fetch,h32-miss128-r1152/gather-parallel/total/graph,host_us,710.085,718.1700000000001,711.55,761.7625,0.20631332868599195,-0.9217873205508598,7.2776498588197125,7.056777457662866,1.1385960835674558
attention_fetch,h32-miss128-r1152/gather-parallel/total/graph,submit_us,8.585,8.75,10.799999999999999,5.925,25.800815375655194,23.42857142857142,-30.984274898078056,-45.138888888888886,1.921956901572508
attention_fetch,h32-miss128-r1152/gather-serial/total/eager,gpu_us,746.00249525,746.7525005,746.8527555000001,746.023014,0.11397552359595498,0.01342546559039981,0.002750493480996319,-0.11109840512599778,0.10053656050421633
attention_fetch,h32-miss128-r1152/gather-serial/total/eager,host_us,756.2080000000001,756.63,756.06775,756.0754999999999,-0.018546484565096222,-0.07430976831476199,-0.017521634259376473,0.001025040414681655,0.0558047521316718
attention_fetch,h32-miss128-r1152/gather-serial/total/eager,submit_us,11.2425,11.035,11.2,11.287500000000001,-0.3780297976428759,1.4952424105119988,0.4002668445630464,0.7812500000000222,-1.8456748943740275
attention_fetch,h32-miss128-r1152/gather-serial/total/graph,gpu_us,752.28276825,753.52324525,752.28275375,753.13299875,-1.9274667195645634e-06,-0.1646255119294171,0.11302006850133495,0.11302199814653413,0.1648950437726393
attention_fetch,h32-miss128-r1152/gather-serial/total/graph,host_us,761.21775,762.32525,761.45025,762.1824999999999,0.03054316586810213,-0.11478040377121967,0.1267377172957218,0.09616517953732195,0.14549056429646878
attention_fetch,h32-miss128-r1152/gather-serial/total/graph,submit_us,4.3100000000000005,4.035,5.99,5.715,38.979118329466345,48.451053283767045,32.59860788863107,-4.590984974958268,-6.380510440835274
attention_fetch,h32-miss128-r1152/memcpy/copy/eager,gpu_us,284.778744,282.6085015,304.7992435,298.0089935,7.030194465637485,7.852114102094698,4.645799512339988,-2.2277778389564906,-0.7620802274484473
attention_fetch,h32-miss128-r1152/memcpy/copy/eager,host_us,294.0525,291.4525,314.1425,307.13,6.832113313098853,7.785145092253454,4.44733508472126,-2.2322672035779867,-0.8841958493806423
attention_fetch,h32-miss128-r1152/memcpy/copy/eager,submit_us,279.96750000000003,277.24775,303.10749999999996,295.71000000000004,8.265245073088812,9.327307435317312,5.622974095207489,-2.4405532690546794,-0.971452043540777
attention_fetch,h32-miss128-r1152/memcpy/copy/graph,gpu_us,277.89825199999996,280.10849675,278.86874225,282.96849125,0.34922502859069393,-0.4425979627124432,1.8244948334543931,1.4701357229648382,0.7953431639433406
attention_fetch,h32-miss128-r1152/memcpy/copy/graph,host_us,286.725,289.24775,287.72,292.0525,0.34702240823087926,-0.5281804266411672,1.8580521405527906,1.5058042541359562,0.8798500305170265
attention_fetch,h32-miss128-r1152/memcpy/copy/graph,submit_us,5.5175,5.577500000000001,7.097500000000001,7.362500000000001,28.636157680108766,27.252353204840873,33.43905754417762,3.7337090524832695,1.0874490258269143
attention_fetch,h32-miss128-r1152/memcpy/merge/eager,gpu_us,6.06025,5.99,6.0600000000000005,6.01,-0.004125242357977399,1.1686143572620988,-0.8291737139556998,-0.8250825082508406,-1.1591931025947688
attention_fetch,h32-miss128-r1152/memcpy/merge/eager,host_us,14.6275,14.615,14.66,14.54,0.22218424200992626,0.3079028395484018,-0.5981883438728408,-0.8185538881309795,-0.08545547769611694
attention_fetch,h32-miss128-r1152/memcpy/merge/eager,submit_us,3.6125000000000003,3.62,3.6425,3.6225,0.8304498269896099,0.6215469613259694,0.27681660899654403,-0.5490734385724116,0.20761245674740803
attention_fetch,h32-miss128-r1152/memcpy/merge/graph,gpu_us,12.89075,12.86075,12.8705,12.98025,-0.15708938579990228,0.0758120638376436,0.6942962977328548,0.8527252243502481,-0.2327250159998573
attention_fetch,h32-miss128-r1152/memcpy/merge/graph,host_us,21.572499999999998,21.485,21.8475,21.8525,1.2747711206397172,1.6872236444030797,1.2979487773786103,0.0228859137201054,-0.405608992930806
attention_fetch,h32-miss128-r1152/memcpy/merge/graph,submit_us,3.7025,3.4775,5.585,5.1025,50.84402430790007,60.603882099209194,37.81228899392302,-8.639212175470012,-6.076975016880493
attention_fetch,h32-miss128-r1152/memcpy/miss_attention/eager,gpu_us,48.03125,48.02124925,47.98174924999999,47.94175,-0.10305946649318276,-0.08225525286600366,-0.18633702016915832,-0.08336346762095603,-0.020821340273269318
attention_fetch,h32-miss128-r1152/memcpy/miss_attention/eager,host_us,56.8875,56.6975,56.692499999999995,56.62025,-0.34278180619645715,-0.008818730984616607,-0.4697868600307742,-0.1274419014860806,-0.33399252911449073
attention_fetch,h32-miss128-r1152/memcpy/miss_attention/eager,submit_us,3.7575,3.7525000000000004,3.9825,3.8825,5.988023952095811,6.129247168554275,3.3266799733865593,-2.5109855618330235,-0.13306719893544372
attention_fetch,h32-miss128-r1152/memcpy/miss_attention/graph,gpu_us,54.840999499999995,54.93200025,54.8520005,54.9020005,0.02005980944970176,-0.145634147010687,0.11123247306972228,0.09115437822544425,0.16593561537843193
attention_fetch,h32-miss128-r1152/memcpy/miss_attention/graph,host_us,63.504999999999995,63.82000000000001,63.57275,63.552499999999995,0.1066845130304861,-0.3874177373864085,0.07479726005825693,-0.0318532704657315,0.4960239351232465
attention_fetch,h32-miss128-r1152/memcpy/miss_attention/graph,submit_us,3.6550000000000002,3.4375,5.6575,5.0075,54.78796169630642,64.58181818181818,37.00410396716827,-11.489173663278828,-5.950752393980851
attention_fetch,h32-miss128-r1152/memcpy/resident/eager,gpu_us,651.04974825,651.950255,651.539743,651.36025825,0.07526225934610942,-0.06296676730341844,0.04769374396267345,-0.027547782300063606,0.13831611983885495
attention_fetch,h32-miss128-r1152/memcpy/resident/eager,host_us,660.145,661.47525,661.33775,660.12775,0.18068000212074775,-0.02078686995468093,-0.002613062281764389,-0.18296248777572854,0.2015087594392062
attention_fetch,h32-miss128-r1152/memcpy/resident/eager,submit_us,3.7375,3.7675,3.8899999999999997,3.8975,4.0802675585284165,3.2514930325149294,4.280936454849504,0.1928020565552746,0.8026755852842848
attention_fetch,h32-miss128-r1152/memcpy/resident/graph,gpu_us,658.0102445,657.5400085,657.78026,657.8202544999999,-0.03495150750650877,0.03653792877913453,-0.02887341064795601,0.006080221987803114,-0.07146332506682285
attention_fetch,h32-miss128-r1152/memcpy/resident/graph,host_us,666.67775,666.2825,667.09525,667.01025,0.06262395887668415,0.12198279258421874,0.04987417084192369,-0.012741808609773031,-0.05928651436168941
attention_fetch,h32-miss128-r1152/memcpy/resident/graph,submit_us,3.8575,3.6675,5.569999999999999,5.4575,44.39403758911211,51.87457396046351,41.47764095917044,-2.019748653500897,-4.925469863901489
attention_fetch,h32-miss128-r1152/memcpy-parallel/total/eager,gpu_us,967.7190035,968.730256,989.5597397500001,995.0609805,2.2569295602346884,2.1501840807581774,2.8254045752032164,0.5559281091397139,0.10449856790479828
attention_fetch,h32-miss128-r1152/memcpy-parallel/total/eager,host_us,977.4025,977.49775,998.1154999999999,1003.7102500000001,2.1191883589411598,2.1092375915954698,2.6915983947247923,0.5605313212749596,0.009745217553658314
attention_fetch,h32-miss128-r1152/memcpy-parallel/total/eager,submit_us,291.6625,289.05499999999995,315.25,319.3725,8.08725838940556,9.062289183719386,9.50070715295932,1.3076923076922986,-0.8940127716110524
attention_fetch,h32-miss128-r1152/memcpy-parallel/total/graph,gpu_us,706.8320065,716.0019875,718.171999,713.05198975,1.6043405499068797,0.3030733905609484,0.8799804186569338,-0.7129224276537172,1.2973352813218986
attention_fetch,h32-miss128-r1152/memcpy-parallel/total/graph,host_us,715.62275,725.95,727.22775,722.3605,1.6216644873293884,0.17601074454163257,0.9415226109007913,-0.6692882662962196,1.4431137076064138
attention_fetch,h32-miss128-r1152/memcpy-parallel/total/graph,submit_us,9.7475,11.5175,18.8175,18.215,93.04949987176197,63.38181028869112,86.8684278020005,-3.2018068287498314,18.158502180046156
attention_fetch,h32-miss128-r1152/memcpy-serial/total/eager,gpu_us,1037.631005,1036.452502,1054.03223625,1055.132985,1.5806419787928405,1.696144706687197,1.6867248487818731,0.10443217125086779,-0.11357630933550578
attention_fetch,h32-miss128-r1152/memcpy-serial/total/eager,host_us,1047.133,1045.3275,1063.05775,1065.3955,1.5207953526438223,1.6961430747779893,1.7440477952657352,0.21990809059997396,-0.17242317833550125
attention_fetch,h32-miss128-r1152/memcpy-serial/total/eager,submit_us,301.78499999999997,299.63250000000005,321.11,322.10025,6.403565452225934,7.167947402234387,6.731696406382048,0.3083834200118263,-0.713256126049977
attention_fetch,h32-miss128-r1152/memcpy-serial/total/graph,gpu_us,1025.82123875,1026.77202225,1026.821494,1029.7507345,0.09750775400390044,0.0048181825106352605,0.3830585292607269,0.28527261233974865,0.09268510575570765
attention_fetch,h32-miss128-r1152/memcpy-serial/total/graph,host_us,1034.5324999999998,1035.6275,1035.83,1038.50575,0.125418969437896,0.019553362574842303,0.3840623663345699,0.258319415348085,0.105844910623909
attention_fetch,h32-miss128-r1152/memcpy-serial/total/graph,submit_us,5.5424999999999995,5.672499999999999,7.452500000000001,7.584999999999999,34.46098331078036,31.379462318201877,36.85160126296796,1.7779268701777706,2.345511953089763
attention_fetch,h32-miss128-r584/gather/copy/eager,gpu_us,8.38025,8.420750000000002,8.44025,8.39,0.715969094000779,0.2315708220764101,0.11634497777512909,-0.5953615118035605,0.48327913845054304
attention_fetch,h32-miss128-r584/gather/copy/eager,host_us,17.045,17.189999999999998,17.3475,17.2125,1.7747139923731226,0.9162303664921545,0.9826928718098982,-0.7782101167315258,0.8506893517160163
attention_fetch,h32-miss128-r584/gather/copy/eager,submit_us,3.6175,3.745,3.905,3.88,7.947477539737369,4.272363150867808,7.256392536281964,-0.6402048655569814,3.5245335176226744
attention_fetch,h32-miss128-r584/gather/copy/graph,gpu_us,14.990499999999999,15.180250000000001,15.190249999999999,15.2005,1.3325105900403589,0.06587506793365172,1.400887228578096,0.06747749378714918,1.265801674393785
attention_fetch,h32-miss128-r584/gather/copy/graph,host_us,23.560000000000002,24.137500000000003,23.869999999999997,24.005,1.3157894736841813,-1.1082340756085163,1.8887945670628126,0.5655634687892874,2.4511884550084906
attention_fetch,h32-miss128-r584/gather/copy/graph,submit_us,3.7525,3.5625,5.75,5.24,53.23117921385743,61.403508771929815,39.6402398401066,-8.869565217391296,-5.0632911392405
attention_fetch,h32-miss128-r584/gather/merge/eager,gpu_us,6.0605,5.9799999999999995,6.0205,6.04,-0.6600115502021331,0.6772575250836299,-0.3382559194785917,0.32389336433851224,-1.3282732447817969
attention_fetch,h32-miss128-r584/gather/merge/eager,host_us,14.7225,14.625,14.6475,14.575000000000001,-0.5094243504839446,0.15384615384614886,-1.0018678892851018,-0.49496501109403956,-0.6622516556291425
attention_fetch,h32-miss128-r584/gather/merge/eager,submit_us,3.5875,3.54,3.5574999999999997,3.5675,-0.8362369337979181,0.4943502824858559,-0.5574912891986084,0.28109627547434624,-1.324041811846688
attention_fetch,h32-miss128-r584/gather/merge/graph,gpu_us,12.840499999999999,12.88075,12.880500000000001,13.00025,0.31151434912972675,-0.0019408807716891907,1.2441104318367646,0.9296999340087542,0.31346131381178033
attention_fetch,h32-miss128-r584/gather/merge/graph,host_us,21.4525,21.877499999999998,21.830000000000002,21.862499999999997,1.7597016664724352,-0.2171180436521314,1.9111991609369383,0.1488776912505596,1.9811210814590252
attention_fetch,h32-miss128-r584/gather/merge/graph,submit_us,3.6525,3.5250000000000004,5.3175,4.9425,45.58521560574948,50.851063829787215,35.31827515400412,-7.052186177715091,-3.49075975359342
attention_fetch,h32-miss128-r584/gather/miss_attention/eager,gpu_us,41.811249000000004,41.8915005,41.8609995,41.84124975,0.11898831340817484,-0.0728095189619693,0.07175281943860856,-0.047179356049531496,0.19193758119973037
attention_fetch,h32-miss128-r584/gather/miss_attention/eager,host_us,50.370000000000005,50.522499999999994,50.697500000000005,50.4975,0.6501886043279725,0.3463803255975284,0.2531268612269155,-0.3944967700577062,0.3027595791145199
attention_fetch,h32-miss128-r584/gather/miss_attention/eager,submit_us,3.6075,3.5475,3.5675,3.58,-1.1088011088011052,0.5637773079633535,-0.7623007623007605,0.3503854239663706,-1.6632016632016633
attention_fetch,h32-miss128-r584/gather/miss_attention/graph,gpu_us,48.71199925,48.841750250000004,48.791750500000006,48.791751500000004,0.16371992779584676,-0.10237092189381292,0.16372198067811095,2.049526792724521e-06,0.26636352848934397
attention_fetch,h32-miss128-r584/gather/miss_attention/graph,host_us,57.3875,57.43,57.83,57.5,0.7710738401219608,0.6965000870625015,0.19603572206490227,-0.5706380771225983,0.07405793944674777
attention_fetch,h32-miss128-r584/gather/miss_attention/graph,submit_us,3.6999999999999997,3.4175000000000004,5.4975000000000005,5.115,48.5810810810811,60.86320409656181,38.24324324324326,-6.957708049113243,-7.635135135135118
attention_fetch,h32-miss128-r584/gather/resident/eager,gpu_us,562.808007,562.5877380000001,562.93748325,562.82775125,0.023005402977505085,0.06216723657066492,0.003508167928401029,-0.019492750663274716,-0.03913750288914164
attention_fetch,h32-miss128-r584/gather/resident/eager,host_us,572.1500000000001,571.4825000000001,573.005,571.855,0.14943633662498623,0.26641235733375623,-0.051559905619169566,-0.2006963290023589,-0.11666521017216214
attention_fetch,h32-miss128-r584/gather/resident/eager,submit_us,3.7425,3.8675,3.8175,4.0525,2.004008016032066,-1.2928248222365935,8.283233132932533,6.155861165684362,3.340013360053451
attention_fetch,h32-miss128-r584/gather/resident/graph,gpu_us,569.807738,570.1079964999999,569.607988,569.9279905,-0.035055683992835096,-0.08770417237954353,0.021104048257059027,0.05617942633207029,0.05269470384059449
attention_fetch,h32-miss128-r584/gather/resident/graph,host_us,578.645,579.0799999999999,578.53,578.80525,-0.019874016020182683,-0.09497824134834243,0.027694009280310183,0.047577480856664245,0.07517562581547121
attention_fetch,h32-miss128-r584/gather/resident/graph,submit_us,3.7675,3.705,5.6475,5.3175,49.90046449900465,52.42914979757085,41.141340411413395,-5.843293492695889,-1.6589250165892522
attention_fetch,h32-miss128-r584/gather-parallel/total/eager,gpu_us,592.558235,592.3890025000001,592.74876125,595.11899925,0.032153168878013005,0.06073015340961607,0.43215402280250004,0.3998722823142842,-0.028559640218295268
attention_fetch,h32-miss128-r584/gather-parallel/total/eager,host_us,602.05025,601.1725,602.02,603.7325000000001,-0.0050244975398738845,0.14097451230719038,0.27942019789877204,0.28445898807349934,-0.14579347820219413
attention_fetch,h32-miss128-r584/gather-parallel/total/eager,submit_us,15.482499999999998,15.870000000000001,18.0775,18.1075,16.760859034393683,13.909892879647124,16.95462619086068,0.16595215046328882,2.5028257710318247
attention_fetch,h32-miss128-r584/gather-parallel/total/graph,gpu_us,597.9792474999999,605.62925025,601.83899075,638.07024075,0.6454644147161792,-0.6258382497931647,6.704412137646987,6.0200901830653075,1.2793090700024878
attention_fetch,h32-miss128-r584/gather-parallel/total/graph,host_us,607.5525,615.41,611.765,647.155,0.6933557182301042,-0.592288068117186,6.518366725509317,5.78490106495142,1.2933038708588862
attention_fetch,h32-miss128-r584/gather-parallel/total/graph,submit_us,8.4275,8.940000000000001,10.4325,5.702500000000001,23.791159893206746,16.694630872483195,-32.33461880747552,-45.33908459142103,6.081281518837156
attention_fetch,h32-miss128-r584/gather-serial/total/eager,gpu_us,630.9102625,631.080255,630.7200045,631.6500007499999,-0.030156111147439102,-0.05708473639378653,0.11724936079953174,0.147449937113886,0.026944006161233602
attention_fetch,h32-miss128-r584/gather-serial/total/eager,host_us,641.2575,641.1775,640.83,641.5275,-0.06666588694869136,-0.054197160692626145,0.04210477070443197,0.10884321895041627,-0.012475487616137038
attention_fetch,h32-miss128-r584/gather-serial/total/eager,submit_us,11.16,11.1025,11.035,11.3125,-1.120071684587809,-0.6079711776626806,1.3664874551971407,2.5147258722247434,-0.5152329749104068
attention_fetch,h32-miss128-r584/gather-serial/total/graph,gpu_us,636.7200017499999,637.640238,637.3900027499999,637.4702455,0.10522694405052935,-0.039243955303847056,0.11782946160605601,0.012589270251162077,0.14452761770806788
attention_fetch,h32-miss128-r584/gather-serial/total/graph,host_us,645.5552499999999,646.3875,646.4925000000001,646.185,0.14518509453687045,0.016244126008002624,0.09755168128522396,-0.0475643568951134,0.12892002659727897
attention_fetch,h32-miss128-r584/gather-serial/total/graph,submit_us,4.507499999999999,4.2025,6.305,5.5875,39.87798114254022,50.02974419988102,23.960066555740454,-11.37985725614591,-6.766500277315579
attention_fetch,h32-miss128-r584/memcpy/copy/eager,gpu_us,293.36925599999995,292.47900100000004,313.63999825,316.21000175,6.90963413357808,7.235048388995269,7.785664408543225,0.8194119099412367,-0.30345886005175293
attention_fetch,h32-miss128-r584/memcpy/copy/eager,host_us,302.83525,301.405,324.0275,324.9575,6.997946903473085,7.505681723926272,7.305044574566533,0.2870126763932168,-0.4722864990122533
attention_fetch,h32-miss128-r584/memcpy/copy/eager,submit_us,293.60525,291.48249999999996,314.8575,316.145,7.2383753355909075,8.019349360596273,7.676889292681244,0.40891514415251073,-0.7229945649814051
attention_fetch,h32-miss128-r584/memcpy/copy/graph,gpu_us,276.91900725,280.12899325,277.0989985,282.06900525,0.06499779548809759,-1.0816426799834744,1.8597488309463062,1.7935852445890355,1.1591786464488107
attention_fetch,h32-miss128-r584/memcpy/copy/graph,host_us,285.51775,288.85775,285.98749999999995,291.0775,0.16452567309737098,-0.9936551814864081,1.947251965946073,1.7797980680973824,1.1698046793938488
attention_fetch,h32-miss128-r584/memcpy/copy/graph,submit_us,5.4875,5.4275,7.6899999999999995,7.4175,40.13667425968108,41.685859051128496,35.17084282460139,-3.543563068920663,-1.0933940774487394
attention_fetch,h32-miss128-r584/memcpy/merge/eager,gpu_us,6.0600000000000005,5.98,6.020250000000001,6.08025,-0.655940594059401,0.6730769230769207,0.33415841584159,0.9966363523109534,-1.320132013201325
attention_fetch,h32-miss128-r584/memcpy/merge/eager,host_us,14.6325,14.6775,14.775,14.9775,0.9738595592004184,0.6642820643842695,2.35776524859046,1.3705583756345119,0.3075345976422339
attention_fetch,h32-miss128-r584/memcpy/merge/eager,submit_us,3.63,3.6025,3.6325,3.6350000000000002,0.06887052341597588,0.832755031228305,0.13774104683197397,0.06882312456986117,-0.7575757575757569
attention_fetch,h32-miss128-r584/memcpy/merge/graph,gpu_us,12.83025,12.95,12.9605,12.9805,1.0151789715710846,0.08108108108109136,1.1710605794898798,0.15431503414220504,0.9333411274137227
attention_fetch,h32-miss128-r584/memcpy/merge/graph,host_us,21.4125,21.7175,21.674999999999997,21.7625,1.225919439579659,-0.1956947162426781,1.6345592527728936,0.40369088811995635,1.424401634559258
attention_fetch,h32-miss128-r584/memcpy/merge/graph,submit_us,3.6950000000000003,3.485,5.452500000000001,5.140000000000001,47.56427604871449,56.45624103299858,39.106901217861974,-5.731315910132961,-5.6833558863328975
attention_fetch,h32-miss128-r584/memcpy/miss_attention/eager,gpu_us,41.9115005,41.94124975,41.8515,41.851001,-0.14315999017978642,-0.21398921237437696,-0.14435059417642337,-0.0011923109088152195,0.07098111412162655
attention_fetch,h32-miss128-r584/memcpy/miss_attention/eager,host_us,50.5275,50.885,50.67,50.9275,0.2820246400474957,-0.42252137172054116,0.791648112414034,0.508190250641416,0.7075355004700246
attention_fetch,h32-miss128-r584/memcpy/miss_attention/eager,submit_us,3.74,3.7125,4.0075,3.9525,7.1524064171123,7.9461279461279455,5.681818181818188,-1.3724266999376233,-0.7352941176470673
attention_fetch,h32-miss128-r584/memcpy/miss_attention/graph,gpu_us,48.66199949999999,48.83150125,48.75175025,48.88174975,0.18443703695325553,-0.16331875522668238,0.4515849168918784,0.26665606738907055,0.34832467169789716
attention_fetch,h32-miss128-r584/memcpy/miss_attention/graph,host_us,57.184999999999995,57.572500000000005,57.615,57.76525,0.7519454402378445,0.07381996612965125,1.0146891667395463,0.2607827822615594,0.6776252513771341
attention_fetch,h32-miss128-r584/memcpy/miss_attention/graph,submit_us,3.6374999999999997,3.49,5.575,5.1625,53.26460481099657,59.742120343839545,41.92439862542956,-7.399103139013463,-4.054982817869401
attention_fetch,h32-miss128-r584/memcpy/resident/eager,gpu_us,563.0079955,563.207984,563.3379964999999,563.73774975,0.05861391003991745,0.02308427857795614,0.1296170313446421,0.07096152797854138,0.035521431595730846
attention_fetch,h32-miss128-r584/memcpy/resident/eager,host_us,572.4100000000001,572.03525,572.13525,572.5024999999999,-0.04799881204032852,0.01748144017348352,0.016159745636845635,0.0641893678111849,-0.06546880732343219
attention_fetch,h32-miss128-r584/memcpy/resident/eager,submit_us,3.8025,3.7575000000000003,3.9050000000000002,3.8375,2.69559500328731,3.9254823685961338,0.920447074293218,-1.728553137003852,-1.1834319526627168
attention_fetch,h32-miss128-r584/memcpy/resident/graph,gpu_us,569.0379889999999,569.9280052500001,569.8479862500001,569.9279905000001,0.14234502188923415,-0.014040194421560681,0.15640458408834323,0.014039577559366023,0.15640717618241595
attention_fetch,h32-miss128-r584/memcpy/resident/graph,host_us,577.67525,579.2652499999999,578.575,579.0225,0.1557536003143678,-0.1191595732697337,0.23321926982331487,0.07734520157283153,0.27524114976362757
attention_fetch,h32-miss128-r584/memcpy/resident/graph,submit_us,3.7725,3.7824999999999998,5.59,5.295,48.177601060304845,47.78585591539988,40.35785288270377,-5.277280858676203,0.2650762094102088
attention_fetch,h32-miss128-r584/memcpy-parallel/total/eager,gpu_us,880.7377517499999,877.70774925,899.948493,904.06875325,2.18121015158359,2.533957774555895,2.6490293454143554,0.4578328962210998,-0.3440300468532609
attention_fetch,h32-miss128-r584/memcpy-parallel/total/eager,host_us,890.6677500000001,886.9580000000001,909.5052499999999,913.2049999999999,2.1149861999606223,2.5420876749518984,2.53037678752821,0.40678709661103873,-0.41651334069298107
attention_fetch,h32-miss128-r584/memcpy-parallel/total/eager,submit_us,306.235,304.46500000000003,328.7875,332.9325,7.364442340032973,7.988602959289248,8.717978023413387,1.2606926966505672,-0.5779874932649753
attention_fetch,h32-miss128-r584/memcpy-parallel/total/graph,gpu_us,605.8292537499999,613.29974225,613.1992339999999,613.23924375,1.2165111216371427,-0.016388112219212214,1.223115251390272,0.006524755378300995,1.2331013158837667
attention_fetch,h32-miss128-r584/memcpy-parallel/total/graph,host_us,614.9727499999999,623.18025,622.2574999999999,623.0977499999999,1.184564681931044,-0.148071123884308,1.3211967522138268,0.13503252270965493,1.3346119807747803
attention_fetch,h32-miss128-r584/memcpy-parallel/total/graph,submit_us,9.645,11.285,18.0275,16.8525,86.91031622602385,59.747452370403195,74.72783825816485,-6.517819997226459,17.00362882322448
attention_fetch,h32-miss128-r584/memcpy-serial/total/eager,gpu_us,921.8792470000001,923.37900375,938.6695025,940.36000975,1.8213074602383195,1.6559287884934104,2.004683673066787,0.1800961089603481,0.16268472849134685
attention_fetch,h32-miss128-r584/memcpy-serial/total/eager,host_us,930.61275,932.1625,949.1677500000001,950.22525,1.9938476020235019,1.8242795649900057,2.107482408767769,0.11141339347020551,0.16653006312239427
attention_fetch,h32-miss128-r584/memcpy-serial/total/eager,submit_us,302.80525,301.5975,323.183,322.495,6.729655446858995,7.1570553469441744,6.502446704606335,-0.21288248453662506,-0.3988537186855212
attention_fetch,h32-miss128-r584/memcpy-serial/total/graph,gpu_us,905.648738,910.0092649999999,908.52899875,911.5184845,0.31803287843814587,-0.1626649647352596,0.648126172290886,0.3290468167898908,0.481481044144072
attention_fetch,h32-miss128-r584/memcpy-serial/total/graph,host_us,914.6077499999999,918.655,917.5630000000001,920.38775,0.32311665848012705,-0.1188694341183405,0.6319649051738319,0.30785352068467553,0.44251210423267295
attention_fetch,h32-miss128-r584/memcpy-serial/total/graph,submit_us,5.57,5.635,7.5675,7.0975,35.8617594254937,34.294587400177456,27.423698384201067,-6.21076973901552,1.1669658886894085
attention_fetch,h32-miss256-r1152/gather/copy/eager,gpu_us,11.440249999999999,11.420750000000002,11.39025,11.59075,-0.4370533860710957,-0.26705776765976186,1.3155306920740406,1.760277430258328,-0.17045082056770244
attention_fetch,h32-miss256-r1152/gather/copy/eager,host_us,20.1725,20.3175,20.2075,20.365000000000002,0.17350353203617885,-0.5414051925679786,0.9542694261990503,0.7794135840653249,0.7188003470070647
attention_fetch,h32-miss256-r1152/gather/copy/eager,submit_us,3.7699999999999996,3.735,3.88,4.02,2.917771883289144,3.8821954484605126,6.6312997347480085,3.6082474226803996,-0.9283819628647105
attention_fetch,h32-miss256-r1152/gather/copy/graph,gpu_us,18.2510005,18.4399995,18.36050025,18.48050025,0.5999657388645607,-0.43112392709120373,1.2574639401275567,0.6535769634054445,1.0355541878375396
attention_fetch,h32-miss256-r1152/gather/copy/graph,host_us,26.860000000000003,27.21,27.22,27.3925,1.3402829486224732,0.03675119441381991,1.9825018615040824,0.6337252020573114,1.3030528667163033
attention_fetch,h32-miss256-r1152/gather/copy/graph,submit_us,3.7775,3.7199999999999998,5.7,5.26,50.893448047650566,53.225806451612925,39.245532759761744,-7.719298245614037,-1.5221707478491053
attention_fetch,h32-miss256-r1152/gather/merge/eager,gpu_us,5.94025,5.9405,5.9399999999999995,6.02025,-0.00420857708008926,-0.008416799932675634,1.346744665628563,1.3510101010101083,0.004208577080100362
attention_fetch,h32-miss256-r1152/gather/merge/eager,host_us,14.5125,14.497499999999999,14.530000000000001,14.5875,0.12058570198105745,0.22417658216935532,0.5167958656330907,0.3957329662766629,-0.10335917312661591
attention_fetch,h32-miss256-r1152/gather/merge/eager,submit_us,3.5925,3.58,3.575,3.5775,-0.4871259568545505,-0.13966480446927498,-0.41753653444676075,0.06993006993005757,-0.3479471120389599
attention_fetch,h32-miss256-r1152/gather/merge/graph,gpu_us,12.820250000000001,12.9305,12.8305,13.0905,0.07995163900860192,-0.773365299099027,2.1079932138608815,2.026421417715607,0.8599676293364
attention_fetch,h32-miss256-r1152/gather/merge/graph,host_us,21.762500000000003,21.6825,21.705,22.134999999999998,-0.2642159678346023,0.10377032168797928,1.7116599655370157,1.98111034323889,-0.367604824813339
attention_fetch,h32-miss256-r1152/gather/merge/graph,submit_us,3.635,3.5025,5.625,4.965,54.74552957359011,60.59957173447539,36.58872077028885,-11.73333333333334,-3.64511691884456
attention_fetch,h32-miss256-r1152/gather/miss_attention/eager,gpu_us,91.24300075,91.08275,91.0630005,91.20249925,-0.19727567980055705,-0.021683029991959035,-0.04438861026826446,0.1531892747153707,-0.1756307318728667
attention_fetch,h32-miss256-r1152/gather/miss_attention/eager,host_us,99.9975,99.81,99.755,100.0025,-0.2425060626515707,-0.05510469892796577,0.005000125003129519,0.248107864267455,-0.1875046876171904
attention_fetch,h32-miss256-r1152/gather/miss_attention/eager,submit_us,3.5949999999999998,3.6,3.5374999999999996,3.6500000000000004,-1.599443671766343,-1.7361111111111271,1.5299026425591222,3.180212014134298,0.13908205841446364
attention_fetch,h32-miss256-r1152/gather/miss_attention/graph,gpu_us,97.9430005,98.213,98.04300025,98.07300175,0.10209994536567457,-0.17309292048912628,0.13273153705353202,0.030600348748510697,0.275670031162667
attention_fetch,h32-miss256-r1152/gather/miss_attention/graph,host_us,106.905,107.0775,107.0075,107.175,0.09587951919927118,-0.06537321099204796,0.2525606847200823,0.15653108426980644,0.1613582152378168
attention_fetch,h32-miss256-r1152/gather/miss_attention/graph,submit_us,3.5824999999999996,3.4625000000000004,5.4975000000000005,5.0675,53.45429169574323,58.7725631768953,41.45150034891836,-7.821737153251485,-3.349616189811566
attention_fetch,h32-miss256-r1152/gather/resident/eager,gpu_us,608.1385017499999,607.8285129999999,608.5187497500001,607.54874325,0.06252654599336882,0.11355781034250167,-0.0969776618817586,-0.1594045377235398,-0.050973380094820886
attention_fetch,h32-miss256-r1152/gather/resident/eager,host_us,617.28,616.7825,617.3929999999999,616.4105000000001,0.018306117159139212,0.09898140754640572,-0.14085990150335403,-0.15913688687754224,-0.0805955158112881
attention_fetch,h32-miss256-r1152/gather/resident/eager,submit_us,3.8425000000000002,3.8975,3.9575,4.095,2.9928432010409844,1.5394483643361045,6.571242680546496,3.474415666456099,1.4313597918022003
attention_fetch,h32-miss256-r1152/gather/resident/graph,gpu_us,614.71875,615.1389925,615.14924475,615.0189935,0.07003117279242854,0.0016666558493305672,0.04884241777234344,-0.021173926670914334,0.06836337756086497
attention_fetch,h32-miss256-r1152/gather/resident/graph,host_us,623.625,624.2725,624.4,624.175,0.12427340148326582,0.020423773272071344,0.08819402685908972,-0.03603459320948854,0.10382842252956159
attention_fetch,h32-miss256-r1152/gather/resident/graph,submit_us,3.79,3.585,5.842499999999999,5.3225,54.15567282321898,62.970711297071105,40.43535620052769,-8.900299529311074,-5.408970976253302
attention_fetch,h32-miss256-r1152/gather-parallel/total/eager,gpu_us,686.2012445,686.50124975,689.1007422499999,689.7714882500001,0.4225433534607914,0.3786580870678069,0.5202910630978996,0.09733642105942408,0.04371971814458586
attention_fetch,h32-miss256-r1152/gather-parallel/total/eager,host_us,695.73025,695.578,698.8625,698.6475,0.4502104084161962,0.4721972230288918,0.419307626770582,-0.03076427766548484,-0.021883481421136608
attention_fetch,h32-miss256-r1152/gather-parallel/total/eager,submit_us,15.64525,15.9375,18.225,18.42,16.489030216838984,14.35294117647059,17.73541490228665,1.0699588477366184,1.86797909908758
attention_fetch,h32-miss256-r1152/gather-parallel/total/graph,gpu_us,693.39174025,703.0617595,698.83149875,795.3845115,0.7845144648015001,-0.6016912017812515,14.709256734616849,13.816350997730398,1.394596833027384
attention_fetch,h32-miss256-r1152/gather-parallel/total/graph,host_us,702.325,712.51025,709.365,804.5825,1.0023849357491121,-0.44143224606243425,14.559854768091697,13.422920499319812,1.450218915744128
attention_fetch,h32-miss256-r1152/gather-parallel/total/graph,submit_us,8.42,9.1075,10.875,5.9399999999999995,29.156769596199528,19.407082075212735,-29.453681710213786,-45.379310344827594,8.165083135391926
attention_fetch,h32-miss256-r1152/gather-serial/total/eager,gpu_us,788.8539880000001,788.5142415,788.884491,788.19400075,0.0038667485319221484,0.04695533454102119,-0.08366405697882717,-0.08752742104547462,-0.043068363115128516
attention_fetch,h32-miss256-r1152/gather-serial/total/eager,host_us,798.8,798.8375000000001,798.56,798.2405,-0.03004506760140302,-0.03473797862521,-0.07004256384576246,-0.04000951713083456,0.0046945418127330996
attention_fetch,h32-miss256-r1152/gather-serial/total/eager,submit_us,11.129999999999999,11.075,11.3225,11.4375,1.7295597484276781,2.2347629796839685,2.7628032345013542,1.0156767498344044,-0.49415992812218423
attention_fetch,h32-miss256-r1152/gather-serial/total/graph,gpu_us,795.19476025,796.00475725,795.964986,796.22501125,0.09686001323221394,-0.004996358330500161,0.12955958106113385,0.03266792567180321,0.10186146092630022
attention_fetch,h32-miss256-r1152/gather-serial/total/graph,host_us,804.395,805.13275,804.8100000000001,805.328,0.051591568818820654,-0.04008655715469489,0.11598779206734022,0.06436301735812666,0.09171489131583055
attention_fetch,h32-miss256-r1152/gather-serial/total/graph,submit_us,4.43,4.1475,6.025,6.08,36.00451467268624,45.26823387582881,37.24604966139955,0.9128630705394158,-6.376975169300225
attention_fetch,h32-miss256-r1152/memcpy/copy/eager,gpu_us,560.44726075,555.70724625,604.41875425,603.13850625,7.845786138941335,8.76567803078201,7.6173528697186965,-0.2118147378779911,-0.8457556726491733
attention_fetch,h32-miss256-r1152/memcpy/copy/eager,host_us,570.1949999999999,565.0825,613.38525,612.1052500000001,7.574645516007705,8.547911145717668,7.350160909864201,-0.20867798826267325,-0.8966230850849244
attention_fetch,h32-miss256-r1152/memcpy/copy/eager,submit_us,561.1750000000001,552.875,603.6277499999999,601.6202499999999,7.5649752750924115,9.17978747456476,7.2072437296743175,-0.332572516753904,-1.479039515302727
attention_fetch,h32-miss256-r1152/memcpy/copy/graph,gpu_us,544.0869925,554.25751225,544.04675975,555.1477520000001,-0.007394543621619398,-1.84223980267757,2.0329027623280593,2.0404481877809966,1.869281914509302
attention_fetch,h32-miss256-r1152/memcpy/copy/graph,host_us,553.04,562.9749999999999,553.00525,564.025,-0.0062834514682363896,-1.7709045694746406,1.9862939389555967,1.9927026009246562,1.7964342543034695
attention_fetch,h32-miss256-r1152/memcpy/copy/graph,submit_us,6.21,6.4725,8.3425,8.66,34.33977455716586,28.89146388567012,39.452495974235106,3.8058136050344693,4.227053140096615
attention_fetch,h32-miss256-r1152/memcpy/merge/eager,gpu_us,5.9605,5.97025,5.92,6.04,-0.6794731985571678,-0.8416732967631235,1.3337807230937138,2.0270270270270396,0.16357688113413094
attention_fetch,h32-miss256-r1152/memcpy/merge/eager,host_us,14.695,14.555,14.4925,14.82,-1.3780197346036083,-0.4294057025077347,0.8506294658046976,2.2597895463170703,-0.9527050017012595
attention_fetch,h32-miss256-r1152/memcpy/merge/eager,submit_us,3.6525,3.57,3.61,3.6950000000000003,-1.16358658453114,1.1204481792717047,1.163586584531151,2.3545706371191244,-2.2587268993839893
attention_fetch,h32-miss256-r1152/memcpy/merge/graph,gpu_us,12.96025,13.02,12.810749999999999,12.9205,-1.1535271310352924,-1.6071428571428625,-0.306707046546173,0.8567023788615069,0.46102505738701005
attention_fetch,h32-miss256-r1152/memcpy/merge/graph,host_us,21.825,21.6675,21.634999999999998,21.905,-0.870561282932425,-0.14999423099112397,0.3665521191294374,1.247977813727763,-0.7216494845360799
attention_fetch,h32-miss256-r1152/memcpy/merge/graph,submit_us,3.6799999999999997,3.465,5.7124999999999995,5.005,55.230978260869556,64.86291486291485,36.00543478260872,-12.385120350109402,-5.842391304347827
attention_fetch,h32-miss256-r1152/memcpy/miss_attention/eager,gpu_us,91.1629985,91.22299975,91.24274925,91.22274825,0.08748149064008448,0.02164969366731384,0.06554166820214036,-0.0219206459301291,0.06581754767533976
attention_fetch,h32-miss256-r1152/memcpy/miss_attention/eager,host_us,99.8255,100.2825,100.1525,100.0625,0.32757161246375066,-0.12963378455861374,0.237414287932447,-0.08986295898755214,0.4577988590089621
attention_fetch,h32-miss256-r1152/memcpy/miss_attention/eager,submit_us,3.7524999999999995,3.8,3.975,3.9725,5.929380413057972,4.6052631578947345,5.862758161225878,-0.06289308176100628,1.2658227848101333
attention_fetch,h32-miss256-r1152/memcpy/miss_attention/graph,gpu_us,98.04300025,98.163001,98.02325075,98.0932505,-0.020143712401332614,-0.14236550286395033,0.051253276492824185,0.07141137379591544,0.12239604020072292
attention_fetch,h32-miss256-r1152/memcpy/miss_attention/graph,host_us,106.61,106.905,106.74000000000001,106.8,0.12193978050840659,-0.15434264066226389,0.17821967920457205,0.05621135469364713,0.27670950192288934
attention_fetch,h32-miss256-r1152/memcpy/miss_attention/graph,submit_us,3.6574999999999998,3.605,5.5025,5.0075,50.44429254955573,52.6352288488211,36.91045796308956,-8.995910949568376,-1.4354066985645897
attention_fetch,h32-miss256-r1152/memcpy/resident/eager,gpu_us,608.338982,608.12900975,607.818991,608.14826225,-0.08547717890615703,-0.050979108878146384,-0.03135090067267754,0.054172583429545895,-0.03451566580685572
attention_fetch,h32-miss256-r1152/memcpy/resident/eager,host_us,617.125,617.1825,617.13525,617.42,0.001660927688895697,-0.007655758223856779,0.04780230909458005,0.04614061504344402,0.00931739923031305
attention_fetch,h32-miss256-r1152/memcpy/resident/eager,submit_us,3.755,3.7325,3.8325,3.8525,2.0639147802929525,2.679169457468178,2.596537949400801,0.5218525766470972,-0.5992010652463353
attention_fetch,h32-miss256-r1152/memcpy/resident/graph,gpu_us,615.6594902500001,615.29923975,615.369007,614.7395075,-0.047182453060556906,0.011338751211265041,-0.14943045052818738,-0.1022962633540736,-0.05851456945036304
attention_fetch,h32-miss256-r1152/memcpy/resident/graph,host_us,624.1524999999999,624.17025,624.2529999999999,623.48775,0.01610183408702337,0.013257600790805846,-0.1065044199934917,-0.1225865154032002,0.002843856269119094
attention_fetch,h32-miss256-r1152/memcpy/resident/graph,submit_us,3.7525000000000004,3.475,5.6675,5.2675,51.03264490339774,63.093525179856115,40.37308461025981,-7.057785619761803,-7.39506995336443
attention_fetch,h32-miss256-r1152/memcpy-parallel/total/eager,gpu_us,1241.08871825,1238.43851675,1283.7507425,1278.8197397499998,3.4374677347930094,3.6588191611572007,3.0401550626616425,-0.38410904755523667,-0.21353844096955177
attention_fetch,h32-miss256-r1152/memcpy-parallel/total/eager,host_us,1249.5952499999999,1247.53025,1293.2977500000002,1287.4725,3.4973324362428837,3.668648515737405,3.031161490090506,-0.4504183201432199,-0.16525350908622727
attention_fetch,h32-miss256-r1152/memcpy-parallel/total/eager,submit_us,570.90525,566.31275,611.2774999999999,611.5074999999999,7.0716200280168895,7.939914826215699,7.111906923259137,0.03762611907029978,-0.8044242017392511
attention_fetch,h32-miss256-r1152/memcpy-parallel/total/graph,gpu_us,735.8730137499999,747.643247,739.2030060000001,752.22376,0.4525226754859002,-1.1289128917926106,2.221952149960882,1.7614584754542806,1.5994924436784297
attention_fetch,h32-miss256-r1152/memcpy-parallel/total/graph,host_us,745.1624999999999,757.3902499999999,749.3275,761.59,0.5589384865717362,-1.064543674809637,2.2045526982369834,1.636467365737948,1.6409507993222938
attention_fetch,h32-miss256-r1152/memcpy-parallel/total/graph,submit_us,10.487499999999999,12.2575,19.147750000000002,19.1975,82.57687723480338,56.21252294513563,83.05125148986892,0.2598216500633299,16.877234803337316
attention_fetch,h32-miss256-r1152/memcpy-serial/total/eager,gpu_us,1366.7727407500001,1363.1424905,1406.2542615000002,1400.1832605,2.888667557734226,3.162675310941765,2.4444824478768945,-0.43171431839961194,-0.2656074519022278
attention_fetch,h32-miss256-r1152/memcpy-serial/total/eager,host_us,1376.35525,1373.14,1416.43025,1410.7505,2.911675601193786,3.1526464890688333,2.499009612525538,-0.40099044764115854,-0.23360611295666356
attention_fetch,h32-miss256-r1152/memcpy-serial/total/eager,submit_us,594.655,587.13275,634.015,625.2202500000001,6.618963937072753,7.984948889326993,5.139997141199526,-1.387151723539648,-1.2649771716373381
attention_fetch,h32-miss256-r1152/memcpy-serial/total/graph,gpu_us,1343.642026,1351.5524865,1344.1919685,1354.89198575,0.040929242265308474,-0.5445972741362715,0.8372735842068657,0.7960185375858408,0.5887327388492958
attention_fetch,h32-miss256-r1152/memcpy-serial/total/graph,host_us,1352.25775,1360.2655,1353.75275,1364.2205,0.11055584632442272,-0.478785207740684,0.884650134192233,0.773239426475758,0.5921763066249808
attention_fetch,h32-miss256-r1152/memcpy-serial/total/graph,submit_us,6.2875,6.4575,8.627500000000001,8.36,37.21669980119287,33.60433604336046,32.962226640159045,-3.100550565053628,2.7037773359841033
attention_fetch,h32-miss32-r1152/gather/copy/eager,gpu_us,7.859999999999999,8.0,7.9399999999999995,7.96025,1.0178117048346147,-0.7500000000000062,1.2754452926208693,0.25503778337532257,1.781170483460559
attention_fetch,h32-miss32-r1152/gather/copy/eager,host_us,16.475,16.66,16.56,16.6075,0.5159332321699406,-0.6002400960384291,0.8042488619119936,0.28683574879229123,1.1229135053110628
attention_fetch,h32-miss32-r1152/gather/copy/eager,submit_us,3.6300000000000003,3.6475,3.6475,3.73,0.48209366391183117,0.0,2.754820936639102,2.2618231665524346,0.48209366391183117
attention_fetch,h32-miss32-r1152/gather/copy/graph,gpu_us,14.7605,14.86,14.9605,14.86,1.354967650147354,0.6763122476446837,0.6740964059483101,-0.67176899167809,0.6740964059483101
attention_fetch,h32-miss32-r1152/gather/copy/graph,host_us,23.3675,23.8125,23.7975,23.877499999999998,1.8401626190221343,-0.06299212598425141,2.1825184551192756,0.33616976573169755,1.9043543382903705
attention_fetch,h32-miss32-r1152/gather/copy/graph,submit_us,4.467499999999999,4.55,7.0249999999999995,6.335,57.24678231673197,54.39560439560438,41.80190263010635,-9.822064056939494,1.8466703973139431
attention_fetch,h32-miss32-r1152/gather/merge/eager,gpu_us,6.0505,5.9502500000000005,6.04,6.050000000000001,-0.17353937691100274,1.5083399857148683,-0.00826377985290172,0.16556291390730227,-1.6568878605073944
attention_fetch,h32-miss32-r1152/gather/merge/eager,host_us,14.66,14.5775,14.579999999999998,14.65025,-0.5457025920873271,0.01714971702966306,-0.06650750341063993,0.4818244170096131,-0.5627557980900422
attention_fetch,h32-miss32-r1152/gather/merge/eager,submit_us,3.57,3.5524999999999998,3.5475000000000003,3.57,-0.6302521008403228,-0.14074595355382247,0.0,0.6342494714587588,-0.4901960784313708
attention_fetch,h32-miss32-r1152/gather/merge/graph,gpu_us,12.8805,12.870750000000001,12.9305,12.96025,0.38818368852140406,0.46423091117455684,0.619152983191662,0.23007617648196366,-0.07569581926166746
attention_fetch,h32-miss32-r1152/gather/merge/graph,host_us,21.58,21.7125,21.9375,21.86,1.6566265060240948,1.0362694300518172,1.297497683039861,-0.353276353276355,0.6139944392956398
attention_fetch,h32-miss32-r1152/gather/merge/graph,submit_us,3.5275,3.6925,5.4775,5.09,55.27994330262227,48.34123222748816,44.29482636428066,-7.074395253308996,4.677533664068045
attention_fetch,h32-miss32-r1152/gather/miss_attention/eager,gpu_us,15.52025,15.4805,15.5005,15.470500000000001,-0.1272531048146841,0.1291947934498383,-0.32054896022937207,-0.1935421438018059,-0.2561170084244835
attention_fetch,h32-miss32-r1152/gather/miss_attention/eager,host_us,24.072499999999998,24.115000000000002,24.0475,24.25,-0.10385294423096436,-0.27990877047482376,0.7373559040398936,0.842083376650371,0.17655000519265496
attention_fetch,h32-miss32-r1152/gather/miss_attention/eager,submit_us,3.5675,3.6125,3.58,3.5825,0.3503854239663706,-0.8996539792387459,0.42046250875964475,0.06983240223463749,1.261387526278912
attention_fetch,h32-miss32-r1152/gather/miss_attention/graph,gpu_us,22.2009995,22.32025025,22.22074975,22.280750249999997,0.08896108483762433,-0.44578577249598794,0.3592214395572446,0.2700201418721182,0.5371413570816941
attention_fetch,h32-miss32-r1152/gather/miss_attention/graph,host_us,30.8125,31.0,30.9625,31.1675,0.48681541582149546,-0.12096774193548487,1.152129817444214,0.6620912394025069,0.6085192697768749
attention_fetch,h32-miss32-r1152/gather/miss_attention/graph,submit_us,3.55,3.5575,5.5,5.05,54.92957746478875,54.602951510892474,42.253521126760575,-8.18181818181819,0.21126760563381364
attention_fetch,h32-miss32-r1152/gather/resident/eager,gpu_us,683.834508,683.0764859999999,683.4957300000001,683.9660107499999,-0.04954093366693613,0.061375850083078554,0.019230200942099707,0.06880522135812583,-0.11084874938778189
attention_fetch,h32-miss32-r1152/gather/resident/eager,host_us,692.75,691.91025,692.57025,692.7004999999999,-0.025947311439911136,0.09538809404832094,-0.007145434861077771,0.01880675642651486,-0.12121977625405567
attention_fetch,h32-miss32-r1152/gather/resident/eager,submit_us,3.75,3.67,3.6775,3.7175000000000002,-1.9333333333333313,0.2043596730245234,-0.86666666666666,1.0876954452753163,-2.1333333333333315
attention_fetch,h32-miss32-r1152/gather/resident/graph,gpu_us,690.22950525,690.78899925,689.74949425,690.3879939999999,-0.06954368023228685,-0.1504808271597491,0.022961746606675604,0.09256980328695708,0.08105912536979787
attention_fetch,h32-miss32-r1152/gather/resident/graph,host_us,698.8824999999999,699.4775000000001,698.8352500000001,698.97775,-0.006760793123283815,-0.09181853597863832,0.013628900423179324,0.0203910721446654,0.08513591340464366
attention_fetch,h32-miss32-r1152/gather/resident/graph,submit_us,3.705,3.9775,5.6575,5.5375,52.69905533063426,42.23758642363293,49.46018893387314,-2.1210782147591756,7.354925775978405
attention_fetch,h32-miss32-r1152/gather-parallel/total/eager,gpu_us,703.4177482499999,703.98874575,703.6205082500001,703.49925725,0.028824976410479763,-0.05230729926053446,0.01158756659223048,-0.01723244257072487,0.08117473598308056
attention_fetch,h32-miss32-r1152/gather-parallel/total/eager,host_us,711.7850000000001,713.56525,712.54525,712.268,0.106808938092251,-0.14294418064780823,0.06785756935028253,-0.03890980958752843,0.25011063734132755
attention_fetch,h32-miss32-r1152/gather-parallel/total/eager,submit_us,17.772750000000002,17.622500000000002,19.83,20.32,11.575304890914428,12.526599517662063,14.332334613382836,2.471003530005045,-0.845395338369126
attention_fetch,h32-miss32-r1152/gather-parallel/total/graph,gpu_us,707.57976175,715.149507,708.8900062499999,721.02952,0.1851726930062858,-0.8752716304396557,1.9008116083953253,1.7124678924756775,1.0698080498060536
attention_fetch,h32-miss32-r1152/gather-parallel/total/graph,host_us,717.79,724.72775,719.35025,730.065,0.2173685896989408,-0.7420027727653711,1.710110199361936,1.489503896050648,0.9665431393583113
attention_fetch,h32-miss32-r1152/gather-parallel/total/graph,submit_us,9.807500000000001,9.662500000000001,11.525,5.675,17.512108080550593,19.27554980595083,-42.136120316084636,-50.7592190889371,-1.4784603619678816
attention_fetch,h32-miss32-r1152/gather-serial/total/eager,gpu_us,714.2472417500001,714.85850225,714.26850575,714.2392545,0.0029771203523099032,-0.08253332626568799,-0.0011182752320482159,-0.004095273663129451,0.08558107952958416
attention_fetch,h32-miss32-r1152/gather-serial/total/eager,host_us,724.8175,723.6502499999999,724.2302500000001,723.91275,-0.08102039478902201,0.08014921572958578,-0.12482452479417594,-0.04383964906189419,-0.16104053779055771
attention_fetch,h32-miss32-r1152/gather-serial/total/eager,submit_us,11.2525,11.1975,11.364999999999998,11.3875,0.9997778271495061,1.4958696137530536,1.1997333925794162,0.19797624285087245,-0.4887802710508704
attention_fetch,h32-miss32-r1152/gather-serial/total/graph,gpu_us,720.701009,720.0699895,721.7205017499999,720.9997477500001,0.14145848795390492,0.22921553099941594,0.04145113525158006,-0.09986608365041283,-0.08755635029227271
attention_fetch,h32-miss32-r1152/gather-serial/total/graph,host_us,729.6299999999999,729.3875,730.90275,730.2025,0.17443772871181817,0.20774279789548267,0.07846442717542867,-0.09580617941306047,-0.03323602373803691
attention_fetch,h32-miss32-r1152/gather-serial/total/graph,submit_us,4.5325,4.265000000000001,6.2275,5.435,37.39658025372312,46.01406799531065,19.91174848317705,-12.72581292653554,-5.901820187534456
attention_fetch,h32-miss32-r1152/memcpy/copy/eager,gpu_us,72.821751,73.15200225000001,77.23200125,78.292001,6.056226593617597,5.5774262829559,7.5118353031637275,1.37248774192551,0.45350632944818337
attention_fetch,h32-miss32-r1152/memcpy/copy/eager,host_us,81.81750000000001,81.7925,85.995,87.13250000000001,5.105875882299005,5.138001650518076,6.496165245821484,1.3227513227513255,-0.030555810187316013
attention_fetch,h32-miss32-r1152/memcpy/copy/eager,submit_us,71.4175,71.1525,76.61,77.92750000000001,7.270626947176795,7.6701451108534435,9.115412888997799,1.7197493799765207,-0.37105751391465214
attention_fetch,h32-miss32-r1152/memcpy/copy/graph,gpu_us,78.582,78.8722485,78.52200049999999,78.63200075,-0.0763527270876363,-0.4440700077163462,0.06362875722176753,0.14008844565800427,0.36935748644728594
attention_fetch,h32-miss32-r1152/memcpy/copy/graph,host_us,87.3075,87.695,87.4925,87.605,0.2118947398562554,-0.23091396316777812,0.3407496492283002,0.12858244992428602,0.44383357672592716
attention_fetch,h32-miss32-r1152/memcpy/copy/graph,submit_us,4.7775,4.66,6.785,6.7075,42.01988487702775,45.60085836909871,40.39769754055469,-1.1422254974207902,-2.4594453165881713
attention_fetch,h32-miss32-r1152/memcpy/merge/eager,gpu_us,6.000500000000001,5.92,6.02,6.01,0.3249729189234163,1.6891891891891886,0.15832013998831052,-0.16611295681062677,-1.341554870427475
attention_fetch,h32-miss32-r1152/memcpy/merge/eager,host_us,14.524999999999999,14.585,14.59,14.72,0.44750430292599397,0.03428179636613127,1.342512908777982,0.8910212474297463,0.4130808950086218
attention_fetch,h32-miss32-r1152/memcpy/merge/eager,submit_us,3.625,3.645,3.5775,3.6675,-1.3103448275862073,-1.851851851851849,1.172413793103444,2.515723270440251,0.5517241379310311
attention_fetch,h32-miss32-r1152/memcpy/merge/graph,gpu_us,12.90025,12.89075,12.880749999999999,12.91,-0.15115986124299985,-0.07757500533329686,0.07557993062150548,0.22708305028822373,-0.07364198368248198
attention_fetch,h32-miss32-r1152/memcpy/merge/graph,host_us,21.74,21.755000000000003,21.677500000000002,21.69,-0.28748850045996477,-0.3562399448402642,-0.22999080036797404,0.05766347595432819,0.06899724011042441
attention_fetch,h32-miss32-r1152/memcpy/merge/graph,submit_us,3.7824999999999998,3.4975,5.545,5.23,46.59616655651024,58.541815582558975,38.26834104428289,-5.68079350766455,-7.534699272967604
attention_fetch,h32-miss32-r1152/memcpy/miss_attention/eager,gpu_us,15.48,15.490499999999999,15.4505,15.4505,-0.1905684754522019,-0.25822278170490875,-0.1905684754522019,0.0,0.06782945736432122
attention_fetch,h32-miss32-r1152/memcpy/miss_attention/eager,host_us,24.1425,24.2875,24.447499999999998,24.2625,1.2633322978150563,0.6587750900668876,0.49704877291083527,-0.7567235913692572,0.6006006006006093
attention_fetch,h32-miss32-r1152/memcpy/miss_attention/eager,submit_us,3.7649999999999997,3.79,3.9324999999999997,4.0275,4.448871181938907,3.759894459102897,6.972111553784877,2.4157660521296975,0.6640106241699861
attention_fetch,h32-miss32-r1152/memcpy/miss_attention/graph,gpu_us,22.16074925,22.241,22.2402495,22.250500249999998,0.35874351134586036,-0.003374398633149145,0.40499984448856274,0.04609098472567741,0.36213012969315006
attention_fetch,h32-miss32-r1152/memcpy/miss_attention/graph,host_us,30.935000000000002,31.0775,31.002499999999998,31.2025,0.21819945046062106,-0.24133215348726145,0.8647163407143887,0.645109265381838,0.46064328430579504
attention_fetch,h32-miss32-r1152/memcpy/miss_attention/graph,submit_us,3.7925,3.5175,5.609999999999999,5.1674999999999995,47.923533289386945,59.48827292110872,36.25576796308503,-7.8877005347593565,-7.25115359261701
attention_fetch,h32-miss32-r1152/memcpy/resident/eager,gpu_us,683.768004,683.2172425000001,683.8990005,683.7682575,0.019158033021970944,0.09978641603149985,3.707397808749846e-05,-0.019117296545900775,-0.08054800704010434
attention_fetch,h32-miss32-r1152/memcpy/resident/eager,host_us,692.7027499999999,692.1179999999999,693.05275,692.66775,0.05052672304246553,0.13505644991171906,-0.005052672304239891,-0.05555132708152666,-0.08441571799736591
attention_fetch,h32-miss32-r1152/memcpy/resident/eager,submit_us,3.7575,3.7125,3.8049999999999997,3.8825,1.2641383898868819,2.491582491582478,3.3266799733865593,2.036793692509864,-1.19760479041916
attention_fetch,h32-miss32-r1152/memcpy/resident/graph,gpu_us,690.0592595,690.33050525,689.98925375,690.32026825,-0.010144889592644812,-0.049433061034498404,0.037824106612105446,0.04797386310018137,0.03930760239294617
attention_fetch,h32-miss32-r1152/memcpy/resident/graph,host_us,699.085,699.79,698.8875,698.91025,-0.028251214086982834,-0.1289672616070381,-0.024996960312406724,0.0032551734005847877,0.10084610598137811
attention_fetch,h32-miss32-r1152/memcpy/resident/graph,submit_us,3.8125,3.7750000000000004,5.905,5.385,54.885245901639344,56.42384105960263,41.245901639344254,-8.806096528365803,-0.983606557377037
attention_fetch,h32-miss32-r1152/memcpy-parallel/total/eager,gpu_us,770.2307405,769.95176075,777.2824909999999,779.901743,0.9155374005745731,0.9521025372887237,1.2555980943738998,0.33697555654834677,-0.0362202824856106
attention_fetch,h32-miss32-r1152/memcpy-parallel/total/eager,host_us,778.9427499999999,778.58775,787.028,789.02775,1.0379774380081308,1.0840460821532227,1.2947036223137198,0.2540887998902175,-0.0455745945385444
attention_fetch,h32-miss32-r1152/memcpy-parallel/total/eager,submit_us,86.35499999999999,86.34025,95.82499999999999,95.65,10.966359793874126,10.985316813421298,10.76370794974235,-0.1826245760500722,-0.017080655433954206
attention_fetch,h32-miss32-r1152/memcpy-parallel/total/graph,gpu_us,710.23075275,719.141513,716.8909907499999,717.0714885,0.9377569155111454,-0.3129456733225955,0.9631708741860034,0.02517785163003161,1.254628895679022
attention_fetch,h32-miss32-r1152/memcpy-parallel/total/graph,host_us,718.8377499999999,728.4375,725.835,726.21275,0.9734115939236787,-0.3572715572715546,1.0259616999803045,0.05204350851089057,1.3354543497472227
attention_fetch,h32-miss32-r1152/memcpy-parallel/total/graph,submit_us,9.307500000000001,11.700000000000001,19.2125,19.1425,106.41955412301903,64.20940170940167,105.6674724684394,-0.36434612882237927,25.705076551168403
attention_fetch,h32-miss32-r1152/memcpy-serial/total/eager,gpu_us,785.961509,789.39150275,791.45225875,793.432504,0.6986028815820999,0.26105626838153206,0.9505548190910318,0.2502040051193255,0.4364073444721228
attention_fetch,h32-miss32-r1152/memcpy-serial/total/eager,host_us,795.8575,798.4807500000001,801.8979999999999,803.3705,0.7589926588616569,0.4279689898597949,0.9440132184467709,0.18362684530950357,0.3296130274578202
attention_fetch,h32-miss32-r1152/memcpy-serial/total/eager,submit_us,88.30000000000001,88.63499999999999,93.1575,93.7375,5.501132502831241,5.102386190556785,6.157984144960338,0.6226015081984837,0.3793884484710963
attention_fetch,h32-miss32-r1152/memcpy-serial/total/graph,gpu_us,786.29325325,787.1434835,787.223011,787.0039937500001,0.11824567311966572,0.010103304120168133,0.09039127540040326,-0.02782149999931427,0.10813144415084963
attention_fetch,h32-miss32-r1152/memcpy-serial/total/graph,host_us,795.6725,796.14275,796.4224999999999,795.895,0.09425988707663091,0.03513817088705018,0.027963766499405907,-0.06623368877698432,0.05910094919705511
attention_fetch,h32-miss32-r1152/memcpy-serial/total/graph,submit_us,4.9399999999999995,4.9399999999999995,6.862500000000001,6.6275,38.917004048583024,38.917004048583024,34.1599190283401,-3.4244080145719558,0.0
dispatch,256/1024/1/eager/parallel,total_us,203.6365,203.86525,203.28674999999998,204.9765,-0.17175211713029714,-0.28376586985767727,0.6580352736370809,0.8312150201624124,0.11233251406304046
dispatch,256/1024/1/eager/parallel,host_us,213.0125,212.495,212.09,213.9525,-0.43307317645677745,-0.1905927198286972,0.4412886567689789,0.8781649299825389,-0.2429434892318505
dispatch,256/1024/1/eager/parallel,submit_us,18.21,18.7125,15.705000000000002,18.302500000000002,-13.75617792421746,-16.07214428857714,0.5079626578802898,16.539318688315817,2.7594728171334237
dispatch,256/1024/1/eager/serial,total_us,358.8915,360.60125,354.23175000000003,360.1815,-1.2983729065748184,-1.7663554965491546,0.3594401093366617,1.679620756750344,0.47639746274290573
dispatch,256/1024/1/eager/serial,host_us,367.6375,370.185,363.56,368.92775,-1.109108836829753,-1.7896457176816982,0.3509571248852428,1.47644130267357,0.6929380163884336
dispatch,256/1024/1/eager/serial,submit_us,10.96,11.049999999999999,10.845,11.120000000000001,-1.049270072992703,-1.8552036199094846,1.4598540145985384,2.5357307514983995,0.8211678832116709
dispatch,256/1024/1/eager/wide,total_us,185.596,186.525,182.36575,184.79575,-1.7404739326278618,-2.229861948800438,-0.43117847367400985,1.332487048691977,0.5005495808099392
dispatch,256/1024/1/eager/wide,host_us,194.445,195.6275,191.2725,194.48250000000002,-1.6315667669520861,-2.226169633614905,0.01928565918383196,1.6782339332627627,0.6081411195967945
dispatch,256/1024/1/eager/wide,submit_us,8.515,8.5375,8.337500000000002,8.365,-2.084556664709314,-2.342606149341109,-1.7615971814445186,0.3298350824587404,0.2642395772166628
dispatch,256/1024/1/graph/parallel,total_us,209.84699999999998,211.005,207.13725,348.321,-1.2912979456461082,-1.8330134357005812,65.98807702754867,68.15951742141988,0.5518306194513212
dispatch,256/1024/1/graph/parallel,host_us,218.985,219.92275,216.19525000000002,356.76,-1.2739457040436553,-1.6949133275206862,62.915268169052666,65.01750154085254,0.42822567755782526
dispatch,256/1024/1/graph/parallel,submit_us,16.81,17.237499999999997,9.4125,5.7975,-44.00654372397382,-45.395213923132694,-65.51160023795359,-38.406374501992026,2.5431290898274783
dispatch,256/1024/1/graph/serial,total_us,350.221,354.83925,347.77099999999996,350.841,-0.6995582789153243,-1.9919583304271016,0.17703107466429113,0.8827648078764572,1.3186673557553652
dispatch,256/1024/1/graph/serial,host_us,360.07775000000004,363.6625,356.4575,359.69500000000005,-1.0054078598302874,-1.981232598906968,-0.10629648735585029,0.9082429181599627,0.995548877985386
dispatch,256/1024/1/graph/serial,submit_us,5.88025,6.07,4.45,5.535,-24.322945452999445,-26.68863261943987,-5.8713490072701,24.382022471910105,3.226903618043453
dispatch,256/1024/1/graph/wide,total_us,190.73575,192.33499999999998,187.386,192.69600000000003,-1.7562255633776003,-2.5731146177242703,1.0277307741207498,2.833722903525371,0.8384636860158556
dispatch,256/1024/1/graph/wide,host_us,199.64775,201.1925,196.39999999999998,201.685,-1.6267400959940836,-2.382047044497193,1.0204222186325662,2.6909368635438025,0.7737377456044525
dispatch,256/1024/1/graph/wide,submit_us,6.0075,5.6850000000000005,4.4775,5.52,-25.468164794007496,-21.240105540897105,-8.11485642946318,23.28308207705192,-5.36828963795255
dispatch,256/1024/16/eager/parallel,total_us,2452.69825,2462.977,2445.7877500000004,2447.96825,-0.2817509247213579,-0.6979054209600544,-0.19284883495146454,0.08915327996059652,0.41907927320452565
dispatch,256/1024/16/eager/parallel,host_us,2461.78325,2472.4055,2454.4655000000002,2457.46325,-0.29725403322976574,-0.7256091284378541,-0.17548254908307248,0.1221345339748936,0.4314859969901885
dispatch,256/1024/16/eager/parallel,submit_us,94.48249999999999,93.64250000000001,82.1925,93.61275,-13.007699838594444,-12.227354032624094,-0.9205408408964444,13.894515922985695,-0.8890535284311607
dispatch,256/1024/16/eager/serial,total_us,4785.68225,4803.710499999999,4780.8907500000005,4807.3625,-0.10012156573911968,-0.47504423923961925,0.4530231818044461,0.5536991197717667,0.376712223215403
dispatch,256/1024/16/eager/serial,host_us,4795.44375,4813.296,4790.111,4816.7485,-0.1112045157447783,-0.48168656155782585,0.4442706683818187,0.5560935853052174,0.3722752456433165
dispatch,256/1024/16/eager/serial,submit_us,90.435,88.71249999999999,79.245,90.31,-12.373527948250118,-10.672114978159774,-0.13822082158456706,13.963026058426387,-1.9046829214352967
dispatch,256/1024/16/graph/parallel,total_us,2426.577,2430.9359999999997,2426.9764999999998,4823.383250000001,0.016463520424014888,-0.16287964800388854,98.77313804589758,98.74041837652739,0.17963575851907
dispatch,256/1024/16/graph/parallel,host_us,2435.343,2440.1955,2435.8255,4832.2385,0.019812404248598092,-0.1790840119162529,98.42126961171387,98.38196537477748,0.1992532468732211
dispatch,256/1024/16/graph/parallel,submit_us,17.432499999999997,17.5475,10.7975,6.8525,-38.061092786462055,-38.46701809374555,-60.691237630861885,-36.536235239638806,0.6596873655528634
dispatch,256/1024/16/graph/serial,total_us,4795.422,4823.722,4788.18125,4815.153,-0.1509929678764399,-0.7367910091004459,0.4114549251348576,0.5632984340348646,0.5901461852575229
dispatch,256/1024/16/graph/serial,host_us,4804.50375,4832.943499999999,4799.1535,4823.9535,-0.11135905555281767,-0.6991598391332121,0.4048232869003243,0.5167577990576655,0.5919393860396083
dispatch,256/1024/16/graph/serial,submit_us,6.404999999999999,6.6725,5.109999999999999,6.33,-20.21857923497268,-23.417010116148383,-1.1709601873536202,23.874755381604707,4.176424668227963
dispatch,256/1024/256/eager/parallel,total_us,36433.371999999996,36601.0095,36591.09975,36523.59875,0.43292108674433116,-0.02707507288836064,0.24764863927499992,-0.18447382139697988,0.4601207376577765
dispatch,256/1024/256/eager/parallel,host_us,36442.7435,36611.312999999995,36600.611000000004,36533.2055,0.43319323639836593,-0.029231401780072108,0.24823048791593472,-0.18416495833910584,0.4625598509069295
dispatch,256/1024/256/eager/parallel,submit_us,1231.00025,1193.57025,1104.9450000000002,1198.43525,-10.24006696992953,-7.42522277176394,-2.6454096983327235,8.461077248188808,-3.0406167667309636
dispatch,256/1024/256/eager/serial,total_us,71170.375,71410.34175,71603.23825,71279.963,0.6082070664936046,0.27012403984187916,0.15397979847655563,-0.45148132668425545,0.33717224336671237
dispatch,256/1024/256/eager/serial,host_us,71180.4135,71421.95599999999,71612.27849999999,71288.9135,0.6067188693698489,0.2664761799578752,0.15242957249750333,-0.4515496598812896,0.3393384333177485
dispatch,256/1024/256/eager/serial,submit_us,1226.24025,1198.038,1080.705,1183.268,-11.868412409395312,-9.793762802181572,-3.5043907586625123,9.490378965582668,-2.299895962475551
dispatch,256/1024/256/graph/parallel,total_us,36574.743,36732.994,36741.83,71313.4005,0.4568371129771043,0.02405466867199113,94.97990867632345,94.09321881898643,0.4326783649580168
dispatch,256/1024/256/graph/parallel,host_us,36583.858250000005,36742.49875,36750.488,71322.39125,0.4554734190727272,0.021743894051295953,94.95590312703006,94.07195694925194,0.4336352358351725
dispatch,256/1024/256/graph/parallel,submit_us,22.915,23.575,17.267500000000002,11.857500000000002,-24.645428758455147,-26.755037115588543,-48.254418503163855,-31.33053424062545,2.8802094697796266
dispatch,256/1024/256/graph/serial,total_us,71294.3965,71475.44700000001,71565.7755,71351.99025,0.3806456233906186,0.1263769641062673,0.0807829967394369,-0.2987255409535816,0.2539477278554525
dispatch,256/1024/256/graph/serial,host_us,71304.0535,71485.42599999999,71574.721,71361.03125,0.37959623151018196,0.12491357329256214,0.07990814996232665,-0.2985547788583176,0.2543649219044708
dispatch,256/1024/256/graph/serial,submit_us,11.465,11.885,11.1975,12.0825,-2.3331879633667674,-5.784602440050479,5.3859572612298345,7.903549899531148,3.6633231574356717
dispatch,256/1024/4/eager/parallel,total_us,695.162,694.5785000000001,690.69275,692.8317499999999,-0.6429076963355262,-0.559440005701306,-0.3352096345887845,0.3096890766552729,-0.08393726929837309
dispatch,256/1024/4/eager/parallel,host_us,704.255,703.45775,699.67525,702.0,-0.6502971224911391,-0.5377010915012304,-0.3201965197265233,0.3322612883619902,-0.11320473408068521
dispatch,256/1024/4/eager/parallel,submit_us,35.945,34.7375,30.009999999999998,35.7,-16.511336764501326,-13.609211946743427,-0.6815968841285214,18.96034655114964,-3.3592989289191855
dispatch,256/1024/4/eager/serial,total_us,1324.012,1321.4845,1302.55125,1321.312,-1.6208878771491464,-1.4327258473330606,-0.20392564417845982,1.4403080109131938,-0.19089706135593243
dispatch,256/1024/4/eager/serial,host_us,1333.06025,1330.5104999999999,1311.5425,1330.47775,-1.6141618505240096,-1.4256182119569805,-0.19372717774759352,1.4437389562290237,-0.1912704245738417
dispatch,256/1024/4/eager/serial,submit_us,24.4125,24.2,24.395000000000003,24.18,-0.07168458781361409,0.8057851239669622,-0.9523809523809601,-0.8813281410125162,-0.8704557091653964
dispatch,256/1024/4/graph/parallel,total_us,699.5419999999999,701.432,695.3815,1338.0425,-0.5947462768497003,-0.8625925250060007,91.27407646717427,92.41847820225301,0.2701767728027882
dispatch,256/1024/4/graph/parallel,host_us,708.37275,710.20025,704.455,1346.7082500000001,-0.5530633412987651,-0.8089619793853808,90.11293842119142,91.17023088770753,0.2579856438577055
dispatch,256/1024/4/graph/parallel,submit_us,16.762500000000003,17.4425,9.985,6.8,-40.43251304996273,-42.75476565859252,-59.43325876211782,-31.897846770155237,4.056674123788184
dispatch,256/1024/4/graph/serial,total_us,1336.0025,1334.0857500000002,1313.5415,1337.95225,-1.681209428874575,-1.539949737113988,0.14593909816784656,1.8583919883764732,-0.1434690429097163
dispatch,256/1024/4/graph/serial,host_us,1345.1102500000002,1344.3125,1322.1080000000002,1347.055,-1.710064286551971,-1.6517364824026992,0.1445792268700563,1.8869109028914366,-0.059307406214481606
dispatch,256/1024/4/graph/serial,submit_us,6.0625,6.07,4.76,6.0125,-21.484536082474225,-21.58154859967052,-0.8247422680412342,26.31302521008405,0.12371134020618957
dispatch,256/256/1/eager/parallel,total_us,68.96125,69.284,69.941,69.05099999999999,1.420725407384582,0.9482708850528265,0.13014555275605577,-1.272501108076829,0.46801645851837215
dispatch,256/256/1/eager/parallel,host_us,77.91999999999999,78.19,79.08,78.11,1.4887063655030897,1.1382529735260327,0.24383983572897616,-1.2266059686393493,0.3465092402464176
dispatch,256/256/1/eager/parallel,submit_us,19.8475,20.042499999999997,16.855,20.362499999999997,-15.077465675777802,-15.903704627666194,2.5947852374354374,20.809848709581715,0.982491497669713
dispatch,256/256/1/eager/serial,total_us,85.4015,85.66274999999999,85.45175,85.75175,0.0588397159300591,-0.24631476341815395,0.4101216020795828,0.3510753144318146,0.305907975855213
dispatch,256/256/1/eager/serial,host_us,94.26775,94.3475,94.26750000000001,94.535,-0.0002652020441695768,-0.08479291979117676,0.2835009852255821,0.2837669398254805,0.0845994520925597
dispatch,256/256/1/eager/serial,submit_us,10.8675,10.6,10.754999999999999,10.855,-1.0351966873706098,1.4622641509433931,-0.11502185415228627,0.9298000929800265,-2.461467678858986
dispatch,256/256/1/eager/wide,total_us,49.000750000000004,48.296,49.141000000000005,47.880750000000006,0.2862201088758898,1.7496272983269945,-2.285679300827026,-2.5645591257809186,-1.4382432921945187
dispatch,256/256/1/eager/wide,host_us,57.870000000000005,57.0625,57.97,56.6975,0.17280110592707842,1.5903614457831283,-2.0260929669949967,-2.1951009142660016,-1.3953689303611627
dispatch,256/256/1/eager/wide,submit_us,8.530000000000001,8.430000000000001,8.24,8.350000000000001,-3.399765533411503,-2.2538552787663257,-2.1101992966002348,1.3349514563106846,-1.172332942555676
dispatch,256/256/1/graph/parallel,total_us,76.5915,76.46574999999999,72.1815,92.612,-5.757819079140636,-5.602835256307548,20.91681191777155,28.304343910835872,-0.16418270956961578
dispatch,256/256/1/graph/parallel,host_us,85.38525000000001,85.2425,81.04499999999999,101.58500000000001,-5.0831378955967566,-4.924186878611048,18.97253916806474,25.343944722068024,-0.16718344210505665
dispatch,256/256/1/graph/parallel,submit_us,19.845,19.6675,11.67,6.157500000000001,-41.19425547996977,-40.66353120630482,-68.97203325774754,-47.236503856041125,-0.8944318468127932
dispatch,256/256/1/graph/serial,total_us,90.6515,90.9725,90.8215,91.03175,0.18753137013729493,-0.16598422600235807,0.41946354996884594,0.23149804836961607,0.3541033518474679
dispatch,256/256/1/graph/serial,host_us,99.57749999999999,99.78,99.40025,99.6175,-0.17800205869799024,-0.3805872920425002,0.04016971705458339,0.2185608185090171,0.2033591925886924
dispatch,256/256/1/graph/serial,submit_us,6.397500000000001,6.475,5.3025,6.3125,-17.116060961313018,-18.1081081081081,-1.3286440015631285,19.047619047619047,1.2114107073075253
dispatch,256/256/1/graph/wide,total_us,56.17125,55.3065,56.081,55.141000000000005,-0.16066938157864863,1.4003778940992584,-1.8341233282150426,-1.6761470016583124,-1.5394886173976885
dispatch,256/256/1/graph/wide,host_us,64.98,64.255,64.83,63.98,-0.23084025854109846,0.8948719943973282,-1.5389350569406046,-1.3111213944161704,-1.11572791628195
dispatch,256/256/1/graph/wide,submit_us,5.6,5.73,4.405,5.385,-21.339285714285705,-23.123909249563702,-3.8392857142857117,22.24744608399545,2.3214285714285854
dispatch,256/256/16/eager/parallel,total_us,657.33775,655.19625,647.3162500000001,657.3775,-1.5245587219051338,-1.2026930862317764,0.006047119612406782,1.5543020895891324,-0.3257838150935388
dispatch,256/256/16/eager/parallel,host_us,666.2027499999999,664.0525,656.958,666.275,-1.3876781505330005,-1.068364323603943,0.010845046796958968,1.4182032945789569,-0.3227621020777671
dispatch,256/256/16/eager/parallel,submit_us,98.15525,94.24249999999999,84.7575,96.8125,-13.64955007500872,-10.064461362973177,-1.3679859202640698,14.222930124177813,-3.986287029985658
dispatch,256/256/16/eager/serial,total_us,1206.84725,1208.3509999999999,1205.35,1210.4705,-0.12406292511335515,-0.24835498956842228,0.3002244070241522,0.4248143692703321,0.12460151854345458
dispatch,256/256/16/eager/serial,host_us,1216.1455,1217.51775,1215.4154999999998,1220.04275,-0.06002571238393761,-0.17266688719734802,0.32045918847702914,0.38071342680756626,0.11283600523126491
dispatch,256/256/16/eager/serial,submit_us,92.4525,87.44,79.11775,87.0325,-14.423352532381495,-9.517669258920403,-5.862469916984403,10.003760218155854,-5.421703036694526
dispatch,256/256/16/graph/parallel,total_us,633.0665,634.1365000000001,627.7675,1216.0935,-0.8370368673749073,-1.004357894554253,92.09569610775486,93.71718032551858,0.1690185786169529
dispatch,256/256/16/graph/parallel,host_us,641.8025,642.65775,636.47,1225.1705000000002,-0.8308630770369363,-0.9628375289957858,90.89525204404785,92.49461875657927,0.1332575052294116
dispatch,256/256/16/graph/parallel,submit_us,19.915,20.3675,11.925,6.824999999999999,-40.12051217675119,-41.450840800294586,-65.72934973637962,-42.76729559748429,2.272156665829783
dispatch,256/256/16/graph/serial,total_us,1213.10975,1214.86125,1211.8125,1217.122,-0.1069359140836279,-0.2509545843198069,0.3307408913332033,0.4381453401413271,0.144381000977023
dispatch,256/256/16/graph/serial,host_us,1222.1677499999998,1224.0149999999999,1220.6480000000001,1225.953,-0.12434872381469342,-0.27507832828843615,0.30971607620968733,0.4346052260766342,0.15114537263809513
dispatch,256/256/16/graph/serial,submit_us,6.5025,6.5475,5.1525,6.5175,-20.761245674740493,-21.305841924398628,0.23068050749710522,26.4919941775837,0.6920415224913379
dispatch,256/256/256/eager/parallel,total_us,9891.766,9892.326500000001,9836.64525,9891.294,-0.5572387175353688,-0.5628731522357433,-0.004771645427115168,0.5555628835959059,0.005666328944720078
dispatch,256/256/256/eager/parallel,host_us,9900.692,9902.51525,9845.787,9900.44225,-0.5545571966080631,-0.5728670804117209,-0.0025225509489579245,0.5551130651110014,0.018415379450265057
dispatch,256/256/256/eager/parallel,submit_us,1221.39775,1198.1705000000002,1128.90275,1198.58525,-7.572881151942523,-5.78112630881834,-1.8677371888068395,6.1725866112027905,-1.901694186025793
dispatch,256/256/256/eager/serial,total_us,18502.262499999997,18512.175,18498.01225,18544.99925,-0.022971514970115958,-0.07650505680720787,0.23098121108162672,0.25401107624416497,0.05357452906098459
dispatch,256/256/256/eager/serial,host_us,18511.86175,18521.7365,18507.4765,18554.714,-0.023688865329818398,-0.07699062126274026,0.23148536100103811,0.25523468853250186,0.05334282490521147
dispatch,256/256/256/eager/serial,submit_us,1217.52275,1190.76525,1095.1305,1202.59275,-10.052563699528417,-8.031368903316583,-1.2262604538601063,9.812734646692789,-2.1977002072446017
dispatch,256/256/256/graph/parallel,total_us,9527.898,9552.28875,9527.31925,18553.905749999998,-0.006074267377742526,-0.26139808640101014,94.73241369712395,94.74424298314553,0.2559929797737226
dispatch,256/256/256/graph/parallel,host_us,9537.09975,9561.817,9536.226999999999,18562.744,-0.009151104873372784,-0.26762695834903205,94.63720089537702,94.6550139798476,0.25916946082062964
dispatch,256/256/256/graph/parallel,submit_us,22.0125,23.0325,16.0875,11.569999999999999,-26.916524701873932,-30.153044610875934,-47.438955139125504,-28.080808080808083,4.63373083475298
dispatch,256/256/256/graph/serial,total_us,18518.52725,18520.5665,18499.380250000002,18532.841249999998,-0.10339375124983619,-0.1143930991527653,0.07729556355513534,0.1808763296272886,0.01101194480788159
dispatch,256/256/256/graph/serial,host_us,18527.6665,18530.02175,18508.099000000002,18541.73175,-0.10561232846023616,-0.11830935924291852,0.07591484874795995,0.18171909497564087,0.01271207035165034
dispatch,256/256/256/graph/serial,submit_us,10.5625,10.879999999999999,10.732500000000002,11.195,1.6094674556213162,-1.3556985294117418,5.9881656804733785,4.309340787328186,3.005917159763305
dispatch,256/256/4/eager/parallel,total_us,186.1535,186.48425,186.594,185.3745,0.23663267142437494,0.05885215507475117,-0.41847185253029995,-0.6535579922183898,0.17767595022386562
dispatch,256/256/4/eager/parallel,host_us,195.3225,195.18025,195.15,194.255,-0.08831547824750263,-0.015498494340482338,-0.5465320175606969,-0.4586215731488652,-0.07282827119250435
dispatch,256/256/4/eager/parallel,submit_us,36.235,36.400000000000006,30.7625,36.254999999999995,-15.10280115910032,-15.487637362637374,0.05519525320820673,17.854530678585935,0.4553608389678665
dispatch,256/256/4/eager/serial,total_us,309.49649999999997,308.712,308.3165,309.96725,-0.3812644084827954,-0.1281129337375786,0.1521018816044828,0.535407608739713,-0.25347621055488156
dispatch,256/256/4/eager/serial,host_us,318.28749999999997,318.445,317.1,318.96000000000004,-0.3730903664139973,-0.4223649295796661,0.21128696540080316,0.586565752128676,0.04948356438754242
dispatch,256/256/4/eager/serial,submit_us,25.45275,24.79,25.1025,24.81,-1.3760792055868332,1.260588947156105,-2.5252674072546277,-1.165222587391701,-2.6038443783088394
dispatch,256/256/4/graph/parallel,total_us,194.48475,194.11275,190.28449999999998,317.188,-2.159680900430505,-1.9721785405647063,63.091450615022524,66.6914541121321,-0.19127463721447802
dispatch,256/256/4/graph/parallel,host_us,203.2425,202.73250000000002,198.98250000000002,325.67775,-2.096018303258418,-1.8497280899707702,60.240968301413325,63.67155403113338,-0.2509317686999468
dispatch,256/256/4/graph/parallel,submit_us,19.380000000000003,18.81,11.204999999999998,6.6175,-42.18266253869971,-40.43062200956938,-65.85397316821467,-40.94154395359214,-2.941176470588258
dispatch,256/256/4/graph/serial,total_us,316.19649999999996,316.85625000000005,315.6165,317.29675,-0.18343024037267286,-0.3912657553701626,0.34796400339662803,0.5323707727574511,0.2086518984239616
dispatch,256/256/4/graph/serial,host_us,324.90049999999997,325.705,324.5,326.0025,-0.12326850835869818,-0.3699666876467944,0.3391807645725553,0.463020030816641,0.24761426959947208
dispatch,256/256/4/graph/serial,submit_us,6.1425,5.8125,4.7075,5.775,-23.361823361823376,-19.01075268817205,-5.982905982905972,22.676579925650575,-5.3724053724053755
dispatch,64/8192/1/eager/parallel,total_us,1544.6399999999999,1544.69025,1543.8795,1545.43,-0.049234773151018985,-0.052486250884287156,0.05114460327326764,0.10042882232712547,0.0032531852082184898
dispatch,64/8192/1/eager/parallel,host_us,1553.58525,1554.40575,1552.93275,1554.12025,-0.0419996263481659,-0.0947629021572971,0.03443647524330462,0.07646821795728176,0.05281332324698074
dispatch,64/8192/1/eager/parallel,submit_us,18.575,18.4625,15.65,18.6325,-15.746971736204573,-15.233581584292477,0.3095558546433397,19.057507987220458,-0.605652759084796
dispatch,64/8192/1/eager/serial,total_us,2880.763,2881.1895,2885.73275,2883.6635,0.1725150593783642,0.1576866082567685,0.10068513098786536,-0.07170622435497265,0.014805105452975198
dispatch,64/8192/1/eager/serial,host_us,2890.36325,2890.528,2894.91525,2893.02325,0.15748885542328228,0.15178022838735483,0.09202995505843692,-0.0653559719926089,0.005699975599959828
dispatch,64/8192/1/eager/serial,submit_us,10.9025,10.84,10.89,11.11,-0.11465260261407373,0.46125461254613587,1.9032332033937172,2.020202020202011,-0.573263013070402
dispatch,64/8192/1/eager/wide,total_us,1444.3562499999998,1442.7147499999999,1444.617,1443.6765,0.018053025353004237,0.13185212114870115,-0.047062488911564504,-0.06510376106607652,-0.11364924685305366
dispatch,64/8192/1/eager/wide,host_us,1453.27275,1452.70525,1453.64025,1452.7925,0.025287751387326196,0.06436267783846983,-0.0330461023231976,-0.058319106119952835,-0.03904979295868971
dispatch,64/8192/1/eager/wide,submit_us,8.53,8.497499999999999,8.235000000000001,8.475,-3.4583821805392545,-3.0891438658428694,-0.644783118405623,2.914389799635675,-0.38100820633060195
dispatch,64/8192/1/graph/parallel,total_us,1552.59025,1550.94025,1543.4195,2884.9635,-0.5906741975225005,-0.48491552140710326,85.81615464865891,86.92024430169502,-0.10627401531085878
dispatch,64/8192/1/graph/parallel,host_us,1561.6475,1559.57825,1554.188,2894.236,-0.4776686159968846,-0.3456222860250824,85.3322212599194,86.22174408758785,-0.13250429434299438
dispatch,64/8192/1/graph/parallel,submit_us,17.55,16.6325,9.435,6.119999999999999,-46.23931623931624,-43.27371110777093,-65.12820512820514,-35.135135135135144,-5.227920227920235
dispatch,64/8192/1/graph/serial,total_us,2887.20275,2890.7235,2890.3424999999997,2887.73325,0.10874712556989685,-0.013180091420028628,0.01837418587939954,-0.09027476847465188,0.12194328922692232
dispatch,64/8192/1/graph/serial,host_us,2896.16575,2899.6205,2899.2132500000002,2896.6682499999997,0.10522533111234633,-0.01404494139836121,0.017350526294968027,-0.0877824354590162,0.1192870263036605
dispatch,64/8192/1/graph/serial,submit_us,6.215,5.8575,4.6899999999999995,6.04,-24.53740949316171,-19.931711481007262,-2.8157683024939595,28.784648187633266,-5.752212389380529
dispatch,64/8192/1/graph/wide,total_us,1447.337,1450.7352500000002,1449.51675,1449.6770000000001,0.1506041785707124,-0.08399189307629618,0.16167623711687007,0.011055408638793729,0.23479327896682722
dispatch,64/8192/1/graph/wide,host_us,1457.013,1459.5705,1458.3500000000001,1458.85775,0.0917630796705371,-0.08362048972625491,0.1266117735394312,0.03481674495147136,0.17553034873403206
dispatch,64/8192/1/graph/wide,submit_us,6.3125,5.880000000000001,4.5575,5.657500000000001,-27.801980198019805,-22.49149659863946,-10.376237623762364,24.136039495337357,-6.851485148514835
experts,b16-balanced/1_streams/total/eager,gpu_us,415.81375149999997,416.3935035,418.243505,418.84375375,0.5843369756856287,0.4442916338631253,0.7286921702492233,0.14351657415456742,0.13942588428319524
experts,b16-balanced/1_streams/total/eager,host_us,425.36499999999995,425.58275,426.82025000000004,427.745,0.34211794576424204,0.2907777629615138,0.559519471512715,0.21666029200815284,0.051191329799116225
experts,b16-balanced/1_streams/total/eager,submit_us,90.44,84.91250000000001,82.23275000000001,81.53999999999999,-9.07480097302077,-3.155895775062567,-9.840778416629814,-0.842425919113754,-6.1117868199911385
experts,b16-balanced/1_streams/total/graph,gpu_us,408.27350325,409.84299775,409.433499,411.19299825,0.2841222221785289,-0.09991600496973563,0.7150831432262583,0.4297399343965447,0.3844223265791813
experts,b16-balanced/1_streams/total/graph,host_us,417.66775,418.4475,418.645,419.81275,0.23397784483001338,0.047198274574467014,0.5135661060735375,0.27893561370613273,0.18669145510994412
experts,b16-balanced/1_streams/total/graph,submit_us,7.577500000000001,6.0600000000000005,4.630000000000001,4.3125,-38.89805344770703,-23.59735973597359,-43.088089739359944,-6.857451403887705,-20.026393929396235
experts,b16-balanced/2_streams/total/eager,gpu_us,258.55825825,253.02824775,248.8280015,246.55800324999998,-3.763274403168282,-1.6599910434308418,-4.641218996918273,-0.91227604462355,-2.138787032922007
experts,b16-balanced/2_streams/total/eager,host_us,267.16999999999996,261.59025,257.465,256.22,-3.632518621102665,-1.5769892035349398,-4.098514054721692,-0.48356087235156275,-2.088464273683399
experts,b16-balanced/2_streams/total/eager,submit_us,108.065,97.405,89.7825,89.63025,-16.91805857585712,-7.825573635850313,-17.058946004719377,-0.16957647648483398,-9.86443344283533
experts,b16-balanced/2_streams/total/graph,gpu_us,230.41725525,229.74775375,226.067502,411.393501,-1.8877723568404559,-1.6018662598132116,78.5428354979938,81.9781690691659,-0.2905604874398948
experts,b16-balanced/2_streams/total/graph,host_us,239.86775,239.3775,235.8025,420.12275,-1.6947880655069247,-1.4934569873943815,75.14765949153231,78.16721620847954,-0.20438345713419404
experts,b16-balanced/2_streams/total/graph,submit_us,20.505000000000003,15.6875,8.6875,4.925,-57.63228480858328,-44.62151394422311,-75.9814679346501,-43.30935251798561,-23.49426969031945
experts,b16-balanced/4_streams/total/eager,gpu_us,219.60699925,211.427003,200.1162505,200.7164955,-8.875285768014972,-5.349719922010154,-8.60195886948717,0.2999481543853877,-3.724834034405211
experts,b16-balanced/4_streams/total/eager,host_us,229.13774999999998,220.26,208.67000000000002,209.35250000000002,-8.932508938400574,-5.261963134477421,-8.634653172600304,0.3270714525327012,-3.874416153601923
experts,b16-balanced/4_streams/total/eager,submit_us,126.96249999999999,113.455,100.3275,101.885,-20.978635423845617,-11.570666784187566,-19.751895244658847,1.5524158381301278,-10.638968199271437
experts,b16-balanced/4_streams/total/graph,gpu_us,235.13774949999998,158.06500225,150.14500175,412.18299425,-36.145939106217384,-5.010597151337459,75.29426692501366,174.52328711967925,-32.77770048147883
experts,b16-balanced/4_streams/total/graph,host_us,244.24,168.1825,160.46499999999997,420.83275,-34.3002784146741,-4.58876518068172,72.30296020307891,162.2582806219425,-31.140476580412713
experts,b16-balanced/4_streams/total/graph,submit_us,29.5475,22.505,14.335,5.3825,-51.48489719942465,-36.30304376805154,-81.78356882985024,-62.452040460411574,-23.83450376512396
experts,b16-balanced/batched/total/eager,gpu_us,86.32275100000001,86.01274900000001,84.882751,84.98300075,-1.6681581429211056,-1.313756406041633,-1.5520245062625615,0.11810379472738664,-0.3591196948762643
experts,b16-balanced/batched/total/eager,host_us,95.0975,95.095,93.22,93.4575,-1.9742895449407216,-1.9717124980282885,-1.7245458608270425,0.25477365372237326,-0.0026288808854024737
experts,b16-balanced/batched/total/eager,submit_us,27.335,25.815,24.5175,24.604999999999997,-10.307298335467364,-5.026147588611285,-9.987195902688873,0.35688793718771095,-5.5606365465520335
experts,b16-balanced/batched/total/graph,gpu_us,84.30225024999999,84.29299850000001,84.64225025,84.38274825,0.4033107052204832,0.4143306754000431,0.09548736808484559,-0.30658683959078337,-0.010974499461802179
experts,b16-balanced/batched/total/graph,host_us,93.58500000000001,93.2025,93.8775,93.04025,0.31255008815513907,0.7242295002816368,-0.5820911470855505,-0.8918537455726905,-0.4087193460490579
experts,b16-balanced/batched/total/graph,submit_us,7.085,5.315,4.1850000000000005,4.0425,-40.931545518701476,-21.260583254938847,-42.94283697953421,-3.405017921146958,-24.982357092448826
experts,b16-balanced/isolated/expert0/eager,gpu_us,106.60374725,106.1130015,106.07324925,105.96350025000001,-0.49763541496895547,-0.0374621860074309,-0.6005858297818745,-0.10346529476186195,-0.4603456845181375
experts,b16-balanced/isolated/expert0/eager,host_us,115.0925,114.445,114.5025,114.3825,-0.5126311445141973,0.05024247455109876,-0.6168951061103045,-0.10480120521386693,-0.5625909594456746
experts,b16-balanced/isolated/expert0/eager,submit_us,19.9025,19.127499999999998,19.1075,19.230000000000004,-3.9944730561487174,-0.10456149522936053,-3.378972490893084,0.6411095119717602,-3.8939831679437376
experts,b16-balanced/isolated/expert0/graph,gpu_us,107.93349900000001,107.733501,107.92350175,107.78349825000001,-0.009262416295807707,0.17636180782800714,-0.13897515728643617,-0.12972475663762806,-0.18529743022600575
experts,b16-balanced/isolated/expert0/graph,host_us,116.7975,116.61999999999999,116.6875,116.5375,-0.09418009803291438,0.05788029497513225,-0.22260750444145216,-0.12854847348687803,-0.15197243091676915
experts,b16-balanced/isolated/expert0/graph,submit_us,8.2425,6.485,4.535,4.605,-44.98028510767364,-30.06939090208173,-44.13102820746132,1.5435501653803918,-21.32241431604488
experts,b16-balanced/isolated/expert1/eager,gpu_us,106.203001,105.72349824999999,105.3834985,105.99325049999999,-0.7716377995759305,-0.32159335968623415,-0.19749959796334648,0.5786029204562615,-0.4514964224033635
experts,b16-balanced/isolated/expert1/eager,host_us,114.58,113.97749999999999,114.1875,114.2775,-0.3425554197940328,0.18424689083371693,-0.26400768022342147,0.07881773399014413,-0.5258334787921148
experts,b16-balanced/isolated/expert1/eager,submit_us,19.487499999999997,18.887749999999997,18.807499999999997,18.8825,-3.4894162924951844,-0.4248785588542803,-3.104554201411147,0.39877708361026887,-3.077613855035277
experts,b16-balanced/isolated/expert1/graph,gpu_us,107.90349950000001,107.96350050000001,107.88375149999999,107.83325124999999,-0.018301538033083098,-0.07386663051002218,-0.0651028468265924,-0.04680987572072137,0.0556061668787633
experts,b16-balanced/isolated/expert1/graph,host_us,117.1575,116.6725,116.7525,116.78275,-0.3456884962550477,0.06856800017140952,-0.31986855301624484,0.02590950943233139,-0.41397264366344055
experts,b16-balanced/isolated/expert1/graph,submit_us,7.305,5.4075,3.9225,3.71,-46.303901437371664,-27.461858529819693,-49.21286789869952,-5.4174633524537885,-25.975359342915816
experts,b16-balanced/isolated/expert2/eager,gpu_us,106.1430015,105.4730005,105.68349975,105.65324874999999,-0.4329081931982115,0.1995764309369319,-0.46140842361613865,-0.028624146694200547,-0.6312248481120997
experts,b16-balanced/isolated/expert2/eager,host_us,114.49000000000001,113.74,114.2225,114.2975,-0.23364485981309802,0.4242131176367181,-0.1681369551925993,0.06566131891703186,-0.6550790462049205
experts,b16-balanced/isolated/expert2/eager,submit_us,19.065,18.520000000000003,18.56,18.560000000000002,-2.648832939942314,0.21598272138225738,-2.6488329399423027,2.220446049250313e-14,-2.8586414896406898
experts,b16-balanced/isolated/expert2/graph,gpu_us,107.92350025,107.75350025,108.02325225,108.23349875,0.09242843288896907,0.2503417516592332,0.2872391085184445,0.1946307814482573,-0.15751898298906886
experts,b16-balanced/isolated/expert2/graph,host_us,117.10499999999999,116.9975,116.63749999999999,117.1925,-0.39921438025704026,-0.3076988824547655,0.07471926903206416,0.47583324402529215,-0.09179795909652899
experts,b16-balanced/isolated/expert2/graph,submit_us,6.9125,5.27,3.79,3.675,-45.17179023508137,-28.083491461100564,-46.83544303797469,-3.034300791556732,-23.7613019891501
experts,b16-balanced/isolated/expert3/eager,gpu_us,106.193248,105.8232505,105.5730005,105.923502,-0.5840743283414662,-0.2364792224937351,-0.254014266519087,0.3319991838254044,-0.3484190444951851
experts,b16-balanced/isolated/expert3/eager,host_us,114.56,114.125,114.08775,114.505,-0.41222939944134396,-0.03263964950711573,-0.04800977653631744,0.3657272581850446,-0.37971368715084
experts,b16-balanced/isolated/expert3/eager,submit_us,18.9875,18.395,18.369999999999997,18.4725,-3.2521395655036422,-0.13590649633054008,-2.7123107307439165,0.5579749591725802,-3.120473996050044
experts,b16-balanced/isolated/expert3/graph,gpu_us,108.11324975,107.84349775000001,108.303249,108.21350125,0.17574094797756512,0.4263133703858113,0.09272822732813157,-0.0828670892412453,-0.24950873331784917
experts,b16-balanced/isolated/expert3/graph,host_us,116.94,116.9925,116.88775,116.905,-0.04468103300837578,-0.08953565399492103,-0.029929878570200685,0.014757748352600686,0.04489481785532323
experts,b16-balanced/isolated/expert3/graph,submit_us,6.905,5.295,3.725,3.6224999999999996,-46.05358435916003,-29.65061378659112,-47.538015930485166,-2.7516778523490104,-23.316437364228825
experts,b16-balanced/isolated/merge/eager,gpu_us,6.08,6.10025,6.0605,6.070250000000001,-0.3207236842105221,-0.6516126388262711,-0.16036184210524995,0.1608778153617818,0.3330592105263097
experts,b16-balanced/isolated/merge/eager,host_us,14.627500000000001,14.8275,14.7225,14.67,0.649461630490511,-0.7081436519979833,0.2905486241667976,-0.356597045338769,1.3672876431379155
experts,b16-balanced/isolated/merge/eager,submit_us,3.5774999999999997,3.545,3.535,3.5425,-1.1879804332634358,-0.2820874471085921,-0.9783368273934223,0.21216407355020284,-0.9084556254367548
experts,b16-balanced/isolated/merge/graph,gpu_us,13.110249999999999,12.960249999999998,12.89075,12.910250000000001,-1.6742625045288895,-0.5362550876718997,-1.5255239221219852,0.15127126039991,-1.1441429415915083
experts,b16-balanced/isolated/merge/graph,host_us,22.4825,21.6175,21.457500000000003,21.7525,-4.559101523407083,-0.7401410893951521,-3.2469698654509105,1.374810672259108,-3.8474368953630655
experts,b16-balanced/isolated/merge/graph,submit_us,7.125,5.275,3.6025,3.3375000000000004,-49.43859649122807,-31.70616113744076,-53.157894736842096,-7.35600277585009,-25.964912280701746
experts,b64-balanced/1_streams/total/eager,gpu_us,175.50575,175.85524900000001,175.00574875,175.83575100000002,-0.284891663093656,-0.483067895232403,0.18802859735365107,0.47427142018385826,0.19913820487362788
experts,b64-balanced/1_streams/total/eager,host_us,184.39749999999998,184.1225,183.5775,184.18775,-0.4446914952751513,-0.2959985878966509,-0.11374883065116137,0.3324209121488231,-0.14913434292762595
experts,b64-balanced/1_streams/total/eager,submit_us,95.755,85.25,79.36275,79.7325,-17.118949402119988,-6.905865102639286,-16.73280768628269,0.4658986741260751,-10.970706490522685
experts,b64-balanced/1_streams/total/graph,gpu_us,167.9152475,167.62575149999998,167.69500075,167.7352525,-0.131165426177271,0.041311820755662865,-0.10719395807101684,0.02400295168012434,-0.17240602286580087
experts,b64-balanced/1_streams/total/graph,host_us,176.9625,176.48250000000002,176.45999999999998,176.85500000000002,-0.28395846577665695,-0.01274913943311029,-0.06074733347459782,0.22384676413920168,-0.27124390760754347
experts,b64-balanced/1_streams/total/graph,submit_us,7.904999999999999,6.342499999999999,5.137499999999999,4.904999999999999,-35.009487666034154,-18.99881750098542,-37.95066413662239,-4.525547445255473,-19.765970904490825
experts,b64-balanced/2_streams/total/eager,gpu_us,137.46399825,132.62425000000002,129.3944975,129.64400275,-5.870264834960159,-2.4352654209166213,-5.688758947472272,0.1928252397286112,-3.5207387473177754
experts,b64-balanced/2_streams/total/eager,host_us,145.98000000000002,141.205,137.6725,137.95,-5.690848061378273,-2.50168195177225,-5.500753527880553,0.20156530897599279,-3.2709960268530014
experts,b64-balanced/2_streams/total/eager,submit_us,109.44999999999999,95.70750000000001,85.27000000000001,84.7775,-22.092279579716745,-10.905623906172446,-22.54225673823662,-0.5775771080098635,-12.555961626313373
experts,b64-balanced/2_streams/total/graph,gpu_us,114.33349899999999,117.10399975,110.09349850000001,168.97549850000001,-3.70844987434521,-5.9865600363492195,47.79176704808101,53.483630552443564,2.4231749874111808
experts,b64-balanced/2_streams/total/graph,host_us,123.1725,126.1375,119.58500000000001,178.3525,-2.912581948080939,-5.194727975423641,44.7989608069983,49.14286908893255,2.40719316405853
experts,b64-balanced/2_streams/total/graph,submit_us,19.862499999999997,15.959999999999999,9.8125,5.325,-50.597860289490235,-38.518170426065154,-73.19068596601636,-45.732484076433124,-19.647577092511003
experts,b64-balanced/4_streams/total/eager,gpu_us,148.514498,137.354251,129.644502,131.2742495,-12.705827548230353,-5.613039963357247,-11.60846161968645,1.2570895601882182,-7.514584199045671
experts,b64-balanced/4_streams/total/eager,host_us,157.0675,146.1425,138.26,139.96775,-11.974151240708618,-5.393708195767843,-10.886879844652775,1.2351728627224112,-6.955608257596246
experts,b64-balanced/4_streams/total/eager,submit_us,119.7575,104.995,95.0575,96.145,-20.625013047199538,-9.464736416019814,-19.716927958582964,1.144044394182453,-12.326994133979074
experts,b64-balanced/4_streams/total/graph,gpu_us,117.1934995,101.12350049999999,93.84299999999999,169.27574950000002,-19.924739511682567,-7.199612814036238,44.44124479788234,80.3818606608911,-13.712363798812932
experts,b64-balanced/4_streams/total/graph,host_us,126.515,110.44,103.065,178.05249999999998,-18.53535153934316,-6.677834118073167,40.73627633086985,72.75748314170667,-12.706003240722442
experts,b64-balanced/4_streams/total/graph,submit_us,28.5275,23.3125,15.200000000000001,5.7325,-46.718079046534044,-34.79892761394101,-79.90535448251687,-62.286184210526315,-18.280606432389803
experts,b64-balanced/batched/total/eager,gpu_us,98.91324900000001,97.60349975,96.40300075,96.28324950000001,-2.5378281224995525,-1.2299753626406118,-2.658895068748568,-0.12421942166566113,-1.3241393476014607
experts,b64-balanced/batched/total/eager,host_us,107.52,105.9425,104.5675,104.8425,-2.7460007440476164,-1.297873846662101,-2.490234375,0.26298802209099303,-1.4671688988095233
experts,b64-balanced/batched/total/eager,submit_us,27.01,25.009999999999998,23.59,23.650000000000002,-12.661977045538697,-5.6777289084366185,-12.439837097371342,0.25434506146673197,-7.404664938911532
experts,b64-balanced/batched/total/graph,gpu_us,96.50300075000001,96.15300025,96.06300100000001,95.44299925,-0.45594411218347064,-0.09360004343701434,-1.0984129941679743,-0.6454115981656794,-0.3626835406980944
experts,b64-balanced/batched/total/graph,host_us,105.6725,105.08500000000001,105.1225,104.22749999999999,-0.5204759989590468,0.03568539753531219,-1.3674323972651448,-0.8513876667697318,-0.555962998888071
experts,b64-balanced/batched/total/graph,submit_us,7.665,5.79,4.625,4.2725,-39.660795825179385,-20.120898100172713,-44.25962165688193,-7.621621621621621,-24.461839530332686
experts,b64-balanced/isolated/expert0/eager,gpu_us,45.4319995,45.02199975,45.02125025,44.87149975,-0.9040967919538789,-0.0016647416910875457,-1.233711384417513,-0.3326218156280647,-0.902447073675472
experts,b64-balanced/isolated/expert0/eager,host_us,53.852500000000006,53.474999999999994,53.25,53.337500000000006,-1.1187967132445187,-0.42075736325384305,-0.9563158627733159,0.16431924882629456,-0.7009888120328878
experts,b64-balanced/isolated/expert0/eager,submit_us,19.5625,18.66,18.5575,18.535,-5.1373801916932855,-0.5493033226152133,-5.252396166134188,-0.12124477973864956,-4.6134185303514315
experts,b64-balanced/isolated/expert0/graph,gpu_us,47.49200125,47.53175025,47.52125025,47.51149925,0.06158721306779302,-0.022090497288174138,0.04105533455489585,-0.020519241284067125,0.08369619926260619
experts,b64-balanced/isolated/expert0/graph,host_us,56.3475,56.275000000000006,56.012750000000004,56.16,-0.5940813700696435,-0.46601510439804317,-0.3327565553041367,0.26288657493158674,-0.1286658680509145
experts,b64-balanced/isolated/expert0/graph,submit_us,6.9375,5.175000000000001,4.01,3.79,-42.1981981981982,-22.512077294686005,-45.36936936936937,-5.486284289276799,-25.40540540540539
experts,b64-balanced/isolated/expert1/eager,gpu_us,45.09125025,44.84149975,44.72149975,44.81125075,-0.8200049853352653,-0.26760924739140934,-0.6209619348489959,0.200688707896024,-0.5538779666017457
experts,b64-balanced/isolated/expert1/eager,host_us,53.6275,53.28025,53.1475,53.277499999999996,-0.8950631672183018,-0.24915423632584366,-0.6526502260966849,0.24460228609057832,-0.6475222600344832
experts,b64-balanced/isolated/expert1/eager,submit_us,19.0825,18.6725,18.3975,18.4175,-3.5896764050831864,-1.4727540500736325,-3.4848683348617793,0.10871042261175745,-2.148565439538841
experts,b64-balanced/isolated/expert1/graph,gpu_us,47.38124825,47.36125025,47.36175075,47.31125025,-0.04115024555099156,0.001056771088947528,-0.14773354984373155,-0.10662718163981788,-0.0422065706130903
experts,b64-balanced/isolated/expert1/graph,host_us,56.4125,56.18,55.91,55.945,-0.8907600265898652,-0.4805980776076968,-0.828717039663196,0.06260060812020019,-0.4121426988699328
experts,b64-balanced/isolated/expert1/graph,submit_us,6.890000000000001,5.307499999999999,3.835,3.5725,-44.339622641509436,-27.743758831841724,-48.14949201741655,-6.844850065189057,-22.96806966618289
experts,b64-balanced/isolated/expert2/eager,gpu_us,45.081251249999994,44.7514995,44.751499749999994,44.98149925,-0.731460398406758,5.586404894231123e-07,-0.22127158682179182,0.5139481386878142,-0.731460952961005
experts,b64-balanced/isolated/expert2/eager,host_us,53.36,52.9025,53.11,53.165,-0.46851574212893876,0.39223099097396297,-0.3654422788605727,0.10355865185465163,-0.8573838080959462
experts,b64-balanced/isolated/expert2/eager,submit_us,18.7275,18.2225,18.1625,18.252499999999998,-3.0169536777466144,-0.32926327342570616,-2.5363769857162044,0.4955264969029427,-2.6965692163929966
experts,b64-balanced/isolated/expert2/graph,gpu_us,47.28150025000001,47.37149925,47.28150025,47.1417505,-1.1102230246251565e-14,-0.18998554283670144,-0.29556961869036114,-0.29556961869035003,0.1903471749503005
experts,b64-balanced/isolated/expert2/graph,host_us,56.3,56.1875,56.0275,56.0475,-0.4840142095914657,-0.284760845383758,-0.4484902309058625,0.03569675605727962,-0.1998223801065624
experts,b64-balanced/isolated/expert2/graph,submit_us,6.995,5.2625,3.79,3.6275000000000004,-45.818441744102934,-27.980997624703086,-48.14152966404575,-4.28759894459102,-24.767691208005715
experts,b64-balanced/isolated/expert3/eager,gpu_us,44.911500000000004,44.6114995,44.651250250000004,45.0315,-0.5794724068445722,0.08910426783570458,0.26719214455095397,0.8515993345561412,-0.6679814746779811
experts,b64-balanced/isolated/expert3/eager,host_us,53.0475,52.795,52.94,53.167500000000004,-0.20264856967812106,0.2746472203807082,0.2262123568500085,0.4297317718171545,-0.47598850087186007
experts,b64-balanced/isolated/expert3/eager,submit_us,18.7075,18.1025,18.1175,18.48,-3.1538153147133485,0.0828614832205421,-1.2160898035547207,2.000827928798121,-3.23399706000268
experts,b64-balanced/isolated/expert3/graph,gpu_us,47.18150025,47.1917495,47.09125125,47.181000250000004,-0.19128047968335338,-0.21295724584230458,-0.0010597373914511543,0.19058529475792785,0.021723026918807342
experts,b64-balanced/isolated/expert3/graph,host_us,56.22,55.99,56.04025,56.0225,-0.31972607612948956,0.08974816931595075,-0.3512984702952693,-0.0316736631260528,-0.4091070793311946
experts,b64-balanced/isolated/expert3/graph,submit_us,6.95,5.3675,3.9575,3.68,-43.05755395683454,-26.26921285514672,-47.05035971223022,-7.012002526847749,-22.76978417266188
experts,b64-balanced/isolated/merge/eager,gpu_us,6.130000000000001,6.13025,6.09075,6.04025,-0.6402936378466673,-0.6443456629011912,-1.4641109298531907,-0.8291261338915445,0.004078303425769647
experts,b64-balanced/isolated/merge/eager,host_us,14.615,14.585,14.57,14.405,-0.3079028395484129,-0.1028453890983938,-1.4368799178925862,-1.132463967055597,-0.20526855969893454
experts,b64-balanced/isolated/merge/eager,submit_us,3.4875000000000003,3.505,3.4775,3.49,-0.28673835125448965,-0.7845934379457908,0.07168458781361409,0.35945363048166534,0.5017921146953208
experts,b64-balanced/isolated/merge/graph,gpu_us,12.97,13.00075,13.01025,12.92025,0.31033153430992666,0.073072707343802,-0.38357748650733603,-0.6917622643684784,0.2370855821125728
experts,b64-balanced/isolated/merge/graph,host_us,21.9925,22.03,21.652500000000003,21.43,-1.5459815846311065,-1.7135724012709797,-2.557690121632372,-1.0275949659392825,0.17051267477550258
experts,b64-balanced/isolated/merge/graph,submit_us,6.84,5.305,3.6775,3.3175,-46.23538011695906,-30.67860508953817,-51.498538011695906,-9.789259007477913,-22.441520467836263
experts,b64-skewed/1_streams/total/eager,gpu_us,314.25025325,314.7402555,312.53999475,314.01024775,-0.544234565386148,-0.6990719209097107,-0.076374003685864,0.47042075404655215,0.15592740019534368
experts,b64-skewed/1_streams/total/eager,host_us,322.745,323.22749999999996,321.2625,322.69500000000005,-0.4593409657779435,-0.6079309464695815,-0.0154921067715863,0.44589704680753073,0.1494988303459177
experts,b64-skewed/1_streams/total/eager,submit_us,96.34,86.55250000000001,80.095,81.38250000000001,-16.862154868175217,-7.460789694116299,-15.525742163172096,1.607466133965918,-10.159331534149885
experts,b64-skewed/1_streams/total/graph,gpu_us,306.469746,305.04000175,305.889748,308.95999825,-0.18925130704418036,0.2785687926583513,0.8125605487988352,1.0037113927727992,-0.4665205191249133
experts,b64-skewed/1_streams/total/graph,host_us,315.788,313.6675,314.6625,317.75775,-0.3564099965799761,0.31721488518894336,0.6237570775330159,0.9836729829579172,-0.6714948003090693
experts,b64-skewed/1_streams/total/graph,submit_us,7.9525,6.227499999999999,4.725,4.82,-40.58472178560202,-24.126856684062624,-39.39012889028607,2.0105820105820182,-21.691292046526257
experts,b64-skewed/2_streams/total/eager,gpu_us,222.62724875,207.10674674999999,203.4065015,202.6362495,-8.633600494961879,-1.7866367504032032,-8.979583299998007,-0.3786761948707862,-6.97151947353436
experts,b64-skewed/2_streams/total/eager,host_us,231.61249999999998,215.64499999999998,212.10525,211.6475,-8.422364941443128,-1.6414709360291102,-8.62000107938905,-0.21581266847473524,-6.894057963192834
experts,b64-skewed/2_streams/total/eager,submit_us,104.88999999999999,91.57249999999999,83.7525,84.4675,-20.152064067117927,-8.539681672991339,-19.470397559347873,0.8537058595265767,-12.696634569549047
experts,b64-skewed/2_streams/total/graph,gpu_us,193.1862495,194.446247,189.96600075,307.94999025,-1.6669140574624541,-2.3041052831428543,59.405750174781446,62.10795038806436,0.6522190390160221
experts,b64-skewed/2_streams/total/graph,host_us,202.245,203.3675,200.25775,316.765,-0.9825953670053678,-1.5291283022115243,56.624391208682525,58.17864726833293,0.5550199016044921
experts,b64-skewed/2_streams/total/graph,submit_us,19.3675,14.510000000000002,8.52,5.54,-56.008777591325675,-41.28187456926259,-71.39537885633148,-34.97652582159624,-25.08067639086097
experts,b64-skewed/4_streams/total/eager,gpu_us,214.426998,203.35650075,195.55599975,196.98625425,-8.800663361429883,-3.835874914856885,-8.133651038662581,0.7313784807566392,-5.162828073543235
experts,b64-skewed/4_streams/total/eager,host_us,223.90775000000002,212.17000000000002,204.8425,205.82999999999998,-8.51477896589109,-3.4535985294810834,-8.073749122127316,0.48207769383794563,-5.242225872038819
experts,b64-skewed/4_streams/total/eager,submit_us,119.0125,103.3425,92.30250000000001,93.43,-22.443020691103865,-10.682923289063062,-21.49564121415817,1.2215270442295756,-13.166684171830688
experts,b64-skewed/4_streams/total/graph,gpu_us,193.0265015,164.14550325,155.72500575,308.54000175,-19.32454634992179,-5.129898372650043,59.8433372372964,98.1313150473266,-14.962193287225901
experts,b64-skewed/4_streams/total/graph,host_us,201.8825,173.60750000000002,165.0475,317.38025000000005,-18.245761767364666,-4.930662557781207,57.21038227681947,92.29630863842229,-14.005671615915183
experts,b64-skewed/4_streams/total/graph,submit_us,25.697499999999998,20.310000000000002,13.295,5.99,-48.26344975192139,-34.53963564746431,-76.69033952719136,-54.94546822113576,-20.965074423582042
experts,b64-skewed/isolated/expert0/eager,gpu_us,45.99125025,45.50125025,45.63149975,45.50125,-0.7822150910106962,0.2862547716477426,-1.0654205905176517,-0.28543824049965805,-1.0654200469359942
experts,b64-skewed/isolated/expert0/eager,host_us,54.315,53.9325,53.837500000000006,53.8425,-0.8791309951210358,-0.1761461085616145,-0.869925434962715,0.00928720687252138,-0.7042253521126751
experts,b64-skewed/isolated/expert0/eager,submit_us,19.6475,18.9075,18.6875,18.560000000000002,-4.8861178266955125,-1.1635594340869915,-5.535055350553497,-0.6822742474916321,-3.7663824914111355
experts,b64-skewed/isolated/expert0/graph,gpu_us,48.141749499999996,47.89174925,47.8512505,47.9615005,-0.6034242689912928,-0.08456310457275462,-0.37441306531661445,0.23040150225541733,-0.5193003008750252
experts,b64-skewed/isolated/expert0/graph,host_us,57.0875,56.667500000000004,56.927499999999995,56.754999999999995,-0.2802715130282518,0.45881678210613064,-0.5824392380118337,-0.303016995301042,-0.7357127216991333
experts,b64-skewed/isolated/expert0/graph,submit_us,6.945,5.362500000000001,4.105,3.84,-40.892728581713456,-23.44988344988346,-44.70842332613392,-6.455542021924499,-22.786177105831527
experts,b64-skewed/isolated/expert1/eager,gpu_us,45.37149975,44.97125025,45.00174875,45.01149975,-0.8149411018752994,0.06781777208872963,-0.7934496368504962,0.021668046844514066,-0.882160612290539
experts,b64-skewed/isolated/expert1/eager,host_us,53.6325,53.337500000000006,53.212500000000006,53.315,-0.7831072577261788,-0.2343566908835193,-0.5919917960192089,0.19262391355412412,-0.550039621498144
experts,b64-skewed/isolated/expert1/eager,submit_us,19.285,18.7075,18.537499999999998,18.442500000000003,-3.876069484054978,-0.908726446612329,-4.368680321493379,-0.5124747134187202,-2.9945553539019953
experts,b64-skewed/isolated/expert1/graph,gpu_us,47.6515005,47.4814995,47.5415,47.68149925,-0.2308437275757913,0.12636605969025272,0.06295447086708261,0.29447798239432554,-0.3567589650193659
experts,b64-skewed/isolated/expert1/graph,host_us,56.51,56.3,56.322500000000005,56.5125,-0.331799681472289,0.0399644760213258,0.004423995752977916,0.3373429801589056,-0.3716156432489792
experts,b64-skewed/isolated/expert1/graph,submit_us,6.762499999999999,5.1775,3.8874999999999997,3.6675,-42.51386321626617,-24.915499758570746,-45.76709796672828,-5.65916398713826,-23.43807763401108
experts,b64-skewed/isolated/expert2/eager,gpu_us,105.11375025,104.96324849999999,104.42350049999999,104.98324975,-0.6566693209578478,-0.5142257006270134,-0.12415169251369651,0.536037623063601,-0.14317988811364257
experts,b64-skewed/isolated/expert2/eager,host_us,113.415,113.315,112.99,113.19550000000001,-0.3747299739893406,-0.28681110179588076,-0.19353701009566793,0.18187450216835543,-0.08817175858573112
experts,b64-skewed/isolated/expert2/eager,submit_us,18.677500000000002,18.19,18.195,18.13,-2.5833221790924954,0.027487630566236376,-2.9313344933743934,-0.35724100027481054,-2.61009235711418
experts,b64-skewed/isolated/expert2/graph,gpu_us,106.83324925000001,107.35349925,107.17324925,107.37350225,0.318252980590672,-0.1679032367452149,0.50569743389135,0.18684979824852288,0.4869738622126585
experts,b64-skewed/isolated/expert2/graph,host_us,116.205,116.26025,116.14500000000001,116.095,-0.051632890151021016,-0.09913104435952391,-0.0946602986102163,-0.04304963623058544,0.047545286347405735
experts,b64-skewed/isolated/expert2/graph,submit_us,6.9174999999999995,5.327500000000001,3.79,3.715,-45.21142031080593,-28.859690286250594,-46.2956270328876,-1.978891820580475,-22.98518250813154
experts,b64-skewed/isolated/expert3/eager,gpu_us,105.6837515,105.43349975000001,105.05324975,105.23349775,-0.5965928925223629,-0.36065387272701255,-0.42603876528739537,0.1715777478839886,-0.23679302300315674
experts,b64-skewed/isolated/expert3/eager,host_us,114.0675,113.475,113.44749999999999,113.30024999999999,-0.5435378175203343,-0.024234412866275257,-0.6726280491814118,-0.1297957204874467,-0.519429285291606
experts,b64-skewed/isolated/expert3/eager,submit_us,18.732499999999998,18.145,18.0925,18.04,-3.4165220872814483,-0.28933590520803243,-3.6967836647537666,-0.29017548708029084,-3.1362605098091523
experts,b64-skewed/isolated/expert3/graph,gpu_us,107.5232495,108.2632505,108.20350075,107.74350000000001,0.6326550333656034,-0.05518931837354968,0.20483988441961642,-0.42512557062530654,0.6882241779718523
experts,b64-skewed/isolated/expert3/graph,host_us,116.53750000000001,117.2075,116.8025,116.645,0.2273946154671025,-0.3455410276646087,0.09224498551967386,-0.13484300421652273,0.5749222353319539
experts,b64-skewed/isolated/expert3/graph,submit_us,7.045,5.3575,3.7225,3.9525,-47.161107168204396,-30.517965468968733,-43.896380411639456,6.178643384822036,-23.953158268275377
experts,b64-skewed/isolated/merge/eager,gpu_us,6.17075,6.08025,6.18,6.140499999999999,0.14990074140095455,1.640557542864185,-0.49021593809505104,-0.6391585760517904,-1.4665964428959177
experts,b64-skewed/isolated/merge/eager,host_us,14.695,14.53,14.695,14.625,0.0,1.1355815554026316,-0.47635250085062975,-0.47635250085062975,-1.1228308948622034
experts,b64-skewed/isolated/merge/eager,submit_us,3.535,3.46,3.4525,3.4575,-2.333804809052331,-0.21676300578034047,-2.192362093352196,0.14482259232440065,-2.1216407355021283
experts,b64-skewed/isolated/merge/graph,gpu_us,13.08025,12.990499999999999,12.98075,12.96,-0.7606888247548738,-0.07505484777335925,-0.9193249364499834,-0.1598520886697541,-0.686148965042721
experts,b64-skewed/isolated/merge/graph,host_us,22.1275,21.8925,21.780250000000002,21.6525,-1.5693142017850992,-0.5127326710060331,-2.1466500960343526,-0.5865405585335437,-1.062026889617007
experts,b64-skewed/isolated/merge/graph,submit_us,7.0075,5.4175,3.5300000000000002,3.4925,-49.625401355690336,-34.84079372404245,-50.160542276132716,-1.0623229461756423,-22.689975026757047
fanout_q4,1/0,total_us,5335.257750000001,3397.63175,3393.1535,3423.7045,-36.40132006743255,-0.13180504332171994,-35.82869543650447,0.9003718812013561,-36.31738316672705
fanout_q4,1/0,host_us,5344.01175,3406.603,3402.00825,3432.96075,-36.33980595196109,-0.1348777653281008,-35.760606252409524,0.9098302451206575,-36.253826537712975
fanout_q4,1/5000,total_us,5006.27975,5009.96,5009.8655,5009.923,0.0716250425278453,-0.0018862426047316916,0.0727735999970891,0.0011477354032729536,0.07351267175990106
fanout_q4,1/5000,host_us,5017.7635,5021.3185,5021.28875,5021.2585,0.07025540362752825,-0.0005924738691764908,0.06965254540194366,-0.0006024349824440556,0.0708482972543445
fanout_q4,2/0,total_us,7074.882,3495.01475,3489.4585,3520.1217500000002,-50.6782091913335,-0.15897643922674343,-50.24479913587251,0.8787394949674843,-50.59967431258925
fanout_q4,2/0,host_us,7084.134,3504.5860000000002,3498.1730000000002,3528.8885,-50.61960996220568,-0.1829888038130667,-50.1860283839916,0.8780440532815126,-50.52908372427738
fanout_q4,2/5000,total_us,5007.517,5011.34325,5011.094999999999,5011.3415,0.07145257819394235,-0.004953761648651689,0.07637517755807455,0.004919084551402442,0.0764101250180449
fanout_q4,2/5000,host_us,5021.37125,5025.0287499999995,5025.11625,5025.0287499999995,0.0745812212152197,0.001741283569778318,0.07283866931766525,-0.0017412532496208222,0.07283866931766525
fanout_q4,3/0,total_us,10193.8905,3582.7715000000003,3564.08025,3590.6847500000003,-65.03709501293937,-0.5216980764751633,-64.77611025937546,0.7464618676866319,-64.85373763824518
fanout_q4,3/0,host_us,10202.69775,3592.1705,3573.05825,3600.071,-64.97927962239203,-0.5320529746569713,-64.71451876539223,0.756012024153252,-64.79195416722014
fanout_q4,3/5000,total_us,5007.70925,5011.6175,5011.26675,5011.40625,0.07104046625709959,-0.006998738431263085,0.07382617111806322,0.0027837272881248154,0.07804466683045685
fanout_q4,3/5000,host_us,5023.90375,5027.57625,5027.716,5027.51875,0.07588222604781869,0.0027796694281878587,0.07195599637035421,-0.003923252626047979,0.07310052466669159
fanout_q8,1/0,total_us,5339.0015,3408.1205,3402.4345,3404.733,-36.27208196139298,-0.16683682399141198,-36.22903084031724,0.06755457011737853,-36.16558264686759
fanout_q8,1/0,host_us,5348.016,3416.7635,3411.546,3413.6234999999997,-36.20912876850032,-0.15270298924698888,-36.17028258703788,0.060896145032196536,-36.11156922492378
fanout_q8,1/5000,total_us,5006.47625,5010.1965,5010.17425,5009.98625,0.07386432723015535,-0.00044409435837611255,0.0701091910702667,-0.003752364501097283,0.07430875158951356
fanout_q8,1/5000,host_us,5018.005999999999,5021.2185,5021.22625,5021.556500000001,0.06417389696227183,0.00015434500608701995,0.07075519638679584,0.006577078656855306,0.06401945314533641
fanout_q8,2/0,total_us,7023.058,3514.578,3502.77675,3503.346,-50.12462163917769,-0.3357799997609989,-50.11651619565151,0.016251392555921562,-49.95658586330912
fanout_q8,2/0,host_us,7032.434499999999,3523.1634999999997,3511.7885,3512.7385,-50.06297605758006,-0.3228632449217783,-50.04946722219737,0.027051743007877604,-49.901225528655836
fanout_q8,2/5000,total_us,5007.63875,5011.61775,5011.554749999999,5011.246999999999,0.07820052914158104,-0.0012570791138477588,0.07205491809885167,-0.006140808897681094,0.07945860711298103
fanout_q8,2/5000,host_us,5021.561,5024.976,5024.96125,5025.2635,0.06771300796706292,-0.00029353374024765344,0.07373205264260552,0.006014971757228871,0.06800674133002893
fanout_q8,3/0,total_us,10194.465499999998,3598.932,3585.3022499999997,3585.41175,-64.83089525390027,-0.3787165192340458,-64.8298211416773,0.0030541358124080986,-64.69719770987503
fanout_q8,3/0,host_us,10203.225,3607.39075,3594.276,3594.5985,-64.77313790492711,-0.3635522434047411,-64.76997713958087,0.008972599766976508,-64.64460256438528
fanout_q8,3/5000,total_us,5007.87025,5012.23825,5011.769,5011.786749999999,0.07785245634110982,-0.009362084892916567,0.07820689843152095,0.00035416636319229866,0.08722270709791147
fanout_q8,3/5000,host_us,5024.0465,5027.4085,5027.2835000000005,5028.061,0.06443013614623183,-0.002486370463017362,0.07990570947142839,0.015465608812381682,0.06691817044286452
grouped_s1,h32-l32-miss128-depth1-planus0-backupside/prefetch_off/total/eager,gpu_us,8962.128400500002,8886.69514675,8888.7729645,8887.111902249999,-0.8185046310640764,0.02338122007887744,-0.8370388695370323,-0.01868719402143837,-0.8416890539728605
grouped_s1,h32-l32-miss128-depth1-planus0-backupside/prefetch_off/total/eager,host_us,8970.92725,8898.429499999998,8898.1945,8896.17725,-0.8107606713676274,-0.0026409154559092762,-0.8332471986103762,-0.022670329357254992,-0.8081410982348824
grouped_s1,h32-l32-miss128-depth1-planus0-backupside/prefetch_off/total/eager,submit_us,629.865,714.2102500000001,621.71275,625.5,-1.2942852833543683,-12.951018275080772,-0.693005644066591,0.6091639587574749,13.391004421582409
grouped_s1,h32-l32-miss128-depth1-planus0-backupside/prefetch_off/total/graph,gpu_us,9152.743578,9155.54165825,9157.1831705,9156.1541555,0.048505592472536385,0.01792916586775828,0.0372628979598888,-0.011237243820949594,0.030570945489238888
grouped_s1,h32-l32-miss128-depth1-planus0-backupside/prefetch_off/total/graph,host_us,9161.99475,9165.421999999999,9166.152,9165.82475,0.04537494414085241,0.00796471782751329,0.041803123713868295,-0.0035702004505311358,0.03740724693166442
grouped_s1,h32-l32-miss128-depth1-planus0-backupside/prefetch_off/total/graph,submit_us,497.745,520.3452500000001,505.2275,503.03999999999996,1.5032797918612895,-2.9053306434526083,1.0637977277521582,-0.43297326451946505,4.5405277802891275
grouped_s1,h32-l32-miss128-depth1-planus0-backupside/prefetch_on/total/eager,gpu_us,9013.45038425,9011.7390155,9017.045736,9013.32664525,0.03988873956950467,0.05888675305480984,-0.0013728261068268743,-0.041245113520416155,-0.018986832755973904
grouped_s1,h32-l32-miss128-depth1-planus0-backupside/prefetch_on/total/eager,host_us,9022.9345,9021.142,9026.4995,9024.3345,0.03951042756655809,0.059388268137228195,0.015516016435679347,-0.023984934580667527,-0.019866042472094225
grouped_s1,h32-l32-miss128-depth1-planus0-backupside/prefetch_on/total/eager,submit_us,645.46775,822.4602500000001,698.5227500000001,701.66775,8.219620577480446,-15.069117322083347,8.706864130702098,0.4502358727757727,27.42081227141093
grouped_s1,h32-l32-miss128-depth1-planus0-backupside/prefetch_on/total/graph,gpu_us,8963.417768500001,8961.627721750001,8963.097572499999,8959.784746000001,-0.0035722534447502063,0.016401604659721514,-0.04053166541860831,-0.0369607323048915,-0.01997058260846396
grouped_s1,h32-l32-miss128-depth1-planus0-backupside/prefetch_on/total/graph,host_us,8972.8895,8971.101999999999,8971.9795,8969.7045,-0.010141660609996883,0.009781407011089094,-0.03549581213497799,-0.025356723117786473,-0.019921119055354986
grouped_s1,h32-l32-miss128-depth1-planus0-backupside/prefetch_on/total/graph,submit_us,513.7575,542.61,525.6824999999999,526.58,2.3211339980437895,-3.119643943163619,2.495827311523424,0.17073043139159694,5.615976409103518
grouped_s1,h32-l64-miss128-depth1-planus0-backupside/prefetch_off/total/eager,gpu_us,17916.3455965,17714.45083625,17730.146408,17728.692531499997,-1.039269908570939,0.08860320816654887,-1.047384713524735,-0.008200025349747175,-1.126874669628175
grouped_s1,h32-l64-miss128-depth1-planus0-backupside/prefetch_off/total/eager,host_us,17926.506500000003,17723.976499999997,17740.881500000003,17738.5715,-1.0354778272052112,0.09537927338147956,-1.048363773499339,-0.013020773516836393,-1.129779525084862
grouped_s1,h32-l64-miss128-depth1-planus0-backupside/prefetch_off/total/eager,submit_us,1246.3024999999998,1418.495,1234.48025,1241.10525,-0.9485859171428856,-12.9725342704768,-0.4170135260099128,0.5366631017385659,13.816268522288944
grouped_s1,h32-l64-miss128-depth1-planus0-backupside/prefetch_off/total/graph,gpu_us,18308.13217175,18302.041054,18319.70024125,18311.542511,0.06318541613901107,0.0964875294394485,0.018627455919628666,-0.04452982386486948,-0.03327001188792034
grouped_s1,h32-l64-miss128-depth1-planus0-backupside/prefetch_off/total/graph,host_us,18318.836499999998,18311.919,18328.964,18321.389,0.05528462465398398,0.09308145148523295,0.013933745191740954,-0.041328031415199806,-0.03776167771352146
grouped_s1,h32-l64-miss128-depth1-planus0-backupside/prefetch_off/total/graph,submit_us,1003.3652500000001,1048.4002500000001,1032.9725,1023.7479999999999,2.9507948376725324,-1.4715515376880206,2.0314387009117363,-0.8930053801045168,4.488395427288316
grouped_s1,h32-l64-miss128-depth1-planus0-backupside/prefetch_on/total/eager,gpu_us,18020.01380925,18019.0815925,18018.46170425,18021.58880225,-0.00861322869354364,-0.0034401767194269794,0.008740243024640826,0.017354966541138772,-0.005173229942367907
grouped_s1,h32-l64-miss128-depth1-planus0-backupside/prefetch_on/total/eager,host_us,18029.4315,18028.749,18027.6215,18030.884250000003,-0.010039140723860918,-0.00625390036768092,0.008057658390425715,0.018098616059814,-0.003785477096152068
grouped_s1,h32-l64-miss128-depth1-planus0-backupside/prefetch_on/total/eager,submit_us,1435.8874999999998,1675.4125,1416.19275,1428.793,-1.3716081517528234,-15.471995702550867,-0.4940846688894496,0.8897270516319056,16.68132078592508
grouped_s1,h32-l64-miss128-depth1-planus0-backupside/prefetch_on/total/graph,gpu_us,17948.6079215,17942.5897595,17946.179389999998,17951.8461225,-0.013530472728706666,0.020006200599320678,0.018041516167510707,0.031576261313648324,-0.03352996525591845
grouped_s1,h32-l64-miss128-depth1-planus0-backupside/prefetch_on/total/graph,host_us,17958.994,17953.689,17955.949,17961.669,-0.016955292707365732,0.012587942232933358,0.014895043675622333,0.031855737616548474,-0.029539516523036102
grouped_s1,h32-l64-miss128-depth1-planus0-backupside/prefetch_on/total/graph,submit_us,1064.2825,1147.4225000000001,1133.57775,1096.235,6.510982751290184,-1.2065956524296984,3.002257389367946,-3.294238088212298,7.811835673329215
grouped_s1,h32-l8-miss32-depth1-planus0-backupside/prefetch_off/total/eager,gpu_us,1748.941779,1753.37252,1753.3525525,1754.593998,0.2521967027697247,-0.0011388053463901038,0.32317936868269115,0.07080410030657625,0.25333839314727324
grouped_s1,h32-l8-miss32-depth1-planus0-backupside/prefetch_off/total/eager,host_us,1757.56825,1762.38275,1762.17275,1764.22325,0.2619812914804287,-0.011915686305941087,0.3786481691393728,0.11636203090759079,0.2739296183803974
grouped_s1,h32-l8-miss32-depth1-planus0-backupside/prefetch_off/total/eager,submit_us,141.77749999999997,179.60750000000002,158.13,160.17025,11.53391758212694,-11.95801957045225,12.972968207226131,1.2902358818693616,26.682654158805196
grouped_s1,h32-l8-miss32-depth1-planus0-backupside/prefetch_off/total/graph,gpu_us,1774.60324775,1774.0924955,1774.44350725,1774.36351775,-0.00900147682038055,0.019785425556473335,-0.01350893504246109,-0.004507863996416894,-0.028781207892392136
grouped_s1,h32-l8-miss32-depth1-planus0-backupside/prefetch_off/total/graph,host_us,1783.92275,1783.333,1783.1432499999999,1783.8849999999998,-0.04369583828672807,-0.010640188904720294,-0.0021161230215893667,0.04159789181266138,-0.03305916693981947
grouped_s1,h32-l8-miss32-depth1-planus0-backupside/prefetch_off/total/graph,submit_us,124.73750000000001,137.10999999999999,131.2525,132.455,5.222968233289893,-4.2721172780978645,6.186992684637738,0.9161730252757128,9.918829542038266
grouped_s1,h32-l8-miss32-depth1-planus0-backupside/prefetch_on/total/eager,gpu_us,1755.19326325,1755.5027905000002,1754.97177225,1753.9832295,-0.012619180157391607,-0.030248784158803943,-0.06894020022383263,-0.056328128214422346,0.017634938355848284
grouped_s1,h32-l8-miss32-depth1-planus0-backupside/prefetch_on/total/eager,host_us,1764.265,1764.6125000000002,1764.7752500000001,1763.00775,0.028921392194480866,0.009222988049772951,-0.07126197028224368,-0.10015439643094037,0.01969658753078196
grouped_s1,h32-l8-miss32-depth1-planus0-backupside/prefetch_on/total/eager,submit_us,158.03,209.1375,179.9275,180.7775,13.856546225400246,-13.966887813041652,14.394418781244077,0.472412499478958,32.34037840916282
grouped_s1,h32-l8-miss32-depth1-planus0-backupside/prefetch_on/total/graph,gpu_us,1731.9712637500002,1735.21125325,1735.7024847500002,1733.571738,0.2154320385155506,0.028309607782928126,0.09240766769620379,-0.12275990664996073,0.18706947209878866
grouped_s1,h32-l8-miss32-depth1-planus0-backupside/prefetch_on/total/graph,host_us,1740.9105,1744.97575,1745.2855,1743.488,0.25130527962236027,0.0177509630148176,0.14805471045180596,-0.1029917454765994,0.2335128658250918
grouped_s1,h32-l8-miss32-depth1-planus0-backupside/prefetch_on/total/graph,submit_us,126.655,142.7625,135.79999999999998,136.09,7.2204018791204305,-4.87698099991245,7.449370336741534,0.2135493372606989,12.717618728040737
grouped_s22,h32-l32-miss128-depth1-planus0-backupside-splits22/prefetch_off/total/eager,gpu_us,11592.62037275,10971.17018675,11038.83123375,10911.319017500002,-4.77708336159921,0.6167167754057346,-5.877026361110627,-1.1551242477568002,-5.360739556871897
grouped_s22,h32-l32-miss128-depth1-planus0-backupside-splits22/prefetch_off/total/eager,host_us,11602.09525,10980.8525,11049.5025,10921.5225,-4.762870309998535,0.6251791470653023,-5.865946928853227,-1.1582421923521102,-5.35457377838714
grouped_s22,h32-l32-miss128-depth1-planus0-backupside-splits22/prefetch_off/total/eager,submit_us,2442.09575,2191.8055,2400.52275,2203.4407499999998,-1.7023493038714754,9.522617312530702,-9.77254884457336,-8.20996176770249,-10.248994127277767
grouped_s22,h32-l32-miss128-depth1-planus0-backupside-splits22/prefetch_off/total/graph,gpu_us,11514.309406,10847.98097625,10914.14785375,10789.65425475,-5.212310448573332,0.6099464743242189,-6.293518140761356,-1.1406625663150316,-5.786959567047778
grouped_s22,h32-l32-miss128-depth1-planus0-backupside-splits22/prefetch_off/total/graph,host_us,11523.720249999998,10857.720000000001,10924.61,10798.61975,-5.1989308747754315,0.6160593568447004,-6.292243166871381,-1.153270002315876,-5.779385784725188
grouped_s22,h32-l32-miss128-depth1-planus0-backupside-splits22/prefetch_off/total/graph,submit_us,231.84750000000003,182.9525,266.8575,203.82750000000001,15.100443179244971,45.86163075115128,-12.085530359395724,-23.619347404513647,-21.089293608945546
grouped_s22,h32-l32-miss128-depth1-planus0-backupside-splits22/prefetch_on/total/eager,gpu_us,11809.587955750001,11041.01252575,11108.6153985,10988.390684,-5.935622477909597,0.6122887062426141,-6.95364880491166,-1.082265522634207,-6.5080630491073705
grouped_s22,h32-l32-miss128-depth1-planus0-backupside-splits22/prefetch_on/total/eager,host_us,11820.330249999999,11050.795250000001,11118.7175,10998.1145,-5.935644226183934,0.6146367610964543,-6.955945668269292,-1.0846844521411825,-6.510266496149697
grouped_s22,h32-l32-miss128-depth1-planus0-backupside-splits22/prefetch_on/total/eager,submit_us,2625.9582499999997,2325.1130000000003,2615.54825,2348.4855000000002,-0.39642671394337636,12.49123160895833,-10.566533188408444,-10.210583956919915,-11.45658922795134
grouped_s22,h32-l32-miss128-depth1-planus0-backupside-splits22/prefetch_on/total/graph,gpu_us,11573.5919475,10909.9719525,10969.129800749999,10852.15854625,-5.222770506269403,0.542236483352676,-6.2334442455078465,-1.0663676756929363,-5.733915607274776
grouped_s22,h32-l32-miss128-depth1-planus0-backupside-splits22/prefetch_on/total/graph,host_us,11582.97275,10920.422499999999,10978.687249999999,10861.895,-5.217015640479705,0.533539338793898,-6.225325445922336,-1.0638088811574353,-5.720036335231837
grouped_s22,h32-l32-miss128-depth1-planus0-backupside-splits22/prefetch_on/total/graph,submit_us,396.82025,297.17275,449.67499999999995,326.39750000000004,13.319569754819716,51.31770998518537,-17.746763175518375,-27.414799577472603,-25.111495696099173
grouped_s22,h32-l64-miss128-depth1-planus0-backupside-splits22/prefetch_off/total/eager,gpu_us,23149.81794375,21909.1162685,22014.137268,22018.307686,-4.905786639486786,0.47934840553560676,-4.887771733235102,0.018944271806931035,-5.359444632630317
grouped_s22,h32-l64-miss128-depth1-planus0-backupside-splits22/prefetch_off/total/eager,host_us,23159.35325,21918.58,22024.425,22028.002249999998,-4.9005178933483435,0.48290080835526883,-4.885071650262951,0.01624219474514188,-5.357547063625356
grouped_s22,h32-l64-miss128-depth1-planus0-backupside-splits22/prefetch_off/total/eager,submit_us,4812.446,4317.310750000001,4764.221,4325.915999999999,-1.0020891662992248,10.351588659676603,-10.109827725859166,-9.199930062018534,-10.288640121883951
grouped_s22,h32-l64-miss128-depth1-planus0-backupside-splits22/prefetch_off/total/graph,gpu_us,23028.551101750003,21608.856677750002,21828.2518385,21854.89368425,-5.212222245101595,1.0153020311153504,-5.096531745806676,0.12205212743152671,-6.164931600460588
grouped_s22,h32-l64-miss128-depth1-planus0-backupside-splits22/prefetch_off/total/graph,host_us,23038.23525,21619.0675,21838.095,21864.0925,-5.209341067042017,1.0131218656863838,-5.096496052144461,0.1190465560297227,-6.160054077926825
grouped_s22,h32-l64-miss128-depth1-planus0-backupside-splits22/prefetch_off/total/graph,submit_us,460.12,368.24525,537.93275,395.925,16.911403546900814,46.08002411436403,-13.951795183865078,-26.39879241410753,-19.96756280970182
grouped_s22,h32-l64-miss128-depth1-planus0-backupside-splits22/prefetch_on/total/eager,gpu_us,23606.352806249997,22054.4409755,22161.56244275,22164.02673725,-6.1203455500227655,0.48571381777029465,-6.109906434246504,0.01111967852611695,-6.574127920087314
grouped_s22,h32-l64-miss128-depth1-planus0-backupside-splits22/prefetch_on/total/eager,host_us,23617.725749999998,22064.010000000002,22171.684999999998,22174.21,-6.122692613618819,0.48801192530276705,-6.112001491083441,0.011388399212797218,-6.578600185498374
grouped_s22,h32-l64-miss128-depth1-planus0-backupside-splits22/prefetch_on/total/eager,submit_us,5241.3237500000005,4601.4532500000005,5230.4415,4638.326,-0.20762407588351683,13.669339137586567,-11.504684288964217,-11.320564430364055,-12.208185002882143
grouped_s22,h32-l64-miss128-depth1-planus0-backupside-splits22/prefetch_on/total/graph,gpu_us,23116.025448,21738.650799000003,21952.7959825,21967.191219250002,-5.03213438710175,0.9850895783736879,-4.969860546893434,0.06557359145267228,-5.958527135637704
grouped_s22,h32-l64-miss128-depth1-planus0-backupside-splits22/prefetch_on/total/graph,host_us,23125.62025,21748.74,21962.485,21976.324999999997,-5.029639150975851,0.9827925663739467,-4.969792107521975,0.06301654844611537,-5.953917063046122
grouped_s22,h32-l64-miss128-depth1-planus0-backupside-splits22/prefetch_on/total/graph,submit_us,724.7655,586.0250000000001,878.88325,632.23275,21.26449865508222,49.97367859732944,-12.767267481688904,-28.06408018357387,-19.142812399320864
grouped_s22,h32-l8-miss32-depth1-planus0-backupside-splits22/prefetch_off/total/eager,gpu_us,2398.6234665,2263.9282942500004,2297.8487015,2263.69798175,-4.201358254326082,1.498298657963315,-5.625121518004628,-1.486204018902848,-5.6155196566363585
grouped_s22,h32-l8-miss32-depth1-planus0-backupside-splits22/prefetch_off/total/eager,host_us,2407.8104999999996,2273.37325,2307.0155,2273.01025,-4.1861683051884535,1.47983838553567,-5.598457602871976,-1.4739931309521004,-5.583381665625242
grouped_s22,h32-l8-miss32-depth1-planus0-backupside-splits22/prefetch_off/total/eager,submit_us,604.0677499999999,558.3725,604.5775,550.3824999999999,0.08438622985584843,8.274941907060263,-8.887289546578181,-8.964111300867138,-7.564590230152168
grouped_s22,h32-l8-miss32-depth1-planus0-backupside-splits22/prefetch_off/total/graph,gpu_us,2380.222917,2175.1279830000003,2201.6464475,2172.96552675,-7.502510299542687,1.2191680079176148,-8.707478142896974,-1.3027032920098103,-8.616627145935496
grouped_s22,h32-l8-miss32-depth1-planus0-backupside-splits22/prefetch_off/total/graph,host_us,2388.8355,2184.24075,2212.03,2182.3755,-7.401325876143416,1.272261310938383,-8.642704782309208,-1.3406011672536078,-8.564622804709664
grouped_s22,h32-l8-miss32-depth1-planus0-backupside-splits22/prefetch_off/total/graph,submit_us,72.6925,53.425,79.1525,50.775,8.886748976854575,48.15629386991112,-30.15097843656498,-35.85167872145543,-26.50548543522372
grouped_s22,h32-l8-miss32-depth1-planus0-backupside-splits22/prefetch_on/total/eager,gpu_us,2430.73350225,2277.1102192500002,2316.4675235,2281.9387912499997,-4.700884677165562,1.7283881964643255,-6.121391376811536,-1.490577005708682,-6.320038081418589
grouped_s22,h32-l8-miss32-depth1-planus0-backupside-splits22/prefetch_on/total/eager,host_us,2439.79075,2287.1555,2325.9755,2292.0955,-4.664959484742703,1.6973047962851817,-6.053603162484333,-1.4565931584404113,-6.256079542887038
grouped_s22,h32-l8-miss32-depth1-planus0-backupside-splits22/prefetch_on/total/eager,submit_us,635.84775,578.3027500000001,633.55,571.5775,-0.3613679532561198,9.553343815155625,-10.107804895118377,-9.781785178754632,-9.050122454628484
grouped_s22,h32-l8-miss32-depth1-planus0-backupside-splits22/prefetch_on/total/graph,gpu_us,2390.68502175,2191.0564305,2214.88702275,2189.2167329999997,-7.353457163976973,1.0876302370981028,-8.427220102902721,-1.1589886746515954,-8.350267368298924
grouped_s22,h32-l8-miss32-depth1-planus0-backupside-splits22/prefetch_on/total/graph,host_us,2399.7235,2200.5305,2224.4030000000002,2198.728,-7.3058625295789215,1.084852039087858,-8.375777459361466,-1.1542422843342726,-8.300664639071965
grouped_s22,h32-l8-miss32-depth1-planus0-backupside-splits22/prefetch_on/total/graph,submit_us,112.30499999999999,86.5525,125.5925,84.54249999999999,11.831619251146442,45.105571762802946,-24.72062686434264,-32.685072755140645,-22.93085793152575
mixed,kv-kv/isolated/scan0/eager,gpu_us,154.5049995,154.4149965,154.12500125000003,154.80499724999999,-0.2459456012618988,-0.18780251696600692,0.19416701787697832,0.44119772553770087,-0.05825248392690163
mixed,kv-kv/isolated/scan0/eager,host_us,163.7,163.8225,162.96025,164.135,-0.45189370800243767,-0.5263318530726813,0.2657299938912727,0.7208813192174146,0.07483200977398408
mixed,kv-kv/isolated/scan0/eager,submit_us,5.852499999999999,5.76525,5.6625,5.7775,-3.2464758650149417,-1.7822297385195807,-1.281503630926939,2.03090507726269,-1.4908158906450142
mixed,kv-kv/isolated/scan0/graph,gpu_us,160.5055035,160.70575275,160.9649955,161.70524825,0.2862780340737503,0.16131516486737052,0.7474788862925186,0.45988430447290174,0.12476160980983142
mixed,kv-kv/isolated/scan0/graph,host_us,169.86775,170.01999999999998,171.025,170.95775,0.6812652784298434,0.5911069285966519,0.641675656503371,-0.039321736588215916,0.0896285492684612
mixed,kv-kv/isolated/scan0/graph,submit_us,3.9400000000000004,3.6625,7.5425,5.1325,91.43401015228424,105.93856655290104,30.26649746192893,-31.952270467351674,-7.043147208121836
mixed,kv-kv/isolated/scan1/eager,gpu_us,153.65499975,153.77499525000002,154.72500025,153.91499925,0.6963655603403174,0.6177889964851024,0.16920991859881163,-0.5235100977160956,0.07809410705492681
mixed,kv-kv/isolated/scan1/eager,host_us,163.235,162.905,163.53,162.605,0.18072104634421216,0.38365918787022224,-0.38594664134531387,-0.5656454473185413,-0.2021625264189697
mixed,kv-kv/isolated/scan1/eager,submit_us,5.7775,5.705,5.635,5.63,-2.466464733881435,-1.2269938650306789,-2.553007356122894,-0.08873114463175957,-1.2548680225010767
mixed,kv-kv/isolated/scan1/graph,gpu_us,160.89500125,161.01500025,161.01499675000002,160.87500375000002,0.07458000501430195,-2.1737105115882116e-06,-0.01242891316984851,-0.08694407528844206,0.07458218034601671
mixed,kv-kv/isolated/scan1/graph,host_us,171.525,169.5125,170.075,170.075,-0.8453578195598443,0.331833935550474,-0.8453578195598443,0.0,-1.1732983530097774
mixed,kv-kv/isolated/scan1/graph,submit_us,3.8825,3.755,7.5375,5.1625,94.14037347070187,100.73235685752331,32.968448164842236,-31.509121061359867,-3.283966516419834
mixed,kv-kv/parallel/total/eager,gpu_us,293.21925350000004,294.489257,297.24950375000003,293.178998,1.374483497210055,0.9372996414602763,-0.01372880515844166,-1.3693902592427976,0.43312418432304156
mixed,kv-kv/parallel/total/eager,host_us,302.91325,302.6725,305.56,301.89,0.8737650135806296,0.9540014371969718,-0.3378029848479791,-1.201073438931799,-0.0794782004418737
mixed,kv-kv/parallel/total/eager,submit_us,16.587500000000002,16.122500000000002,21.4925,18.4675,29.570459683496587,33.30748953326095,11.333835719668418,-14.074677212981268,-2.803315749811608
mixed,kv-kv/parallel/total/graph,gpu_us,289.8295,289.68925025,289.0592515,319.6399955,-0.26575917910356406,-0.21747398270950402,10.28552838824206,10.579403302716983,-0.048390432995959465
mixed,kv-kv/parallel/total/graph,host_us,300.8225,299.34024999999997,299.49525000000006,328.76,-0.4412070240756405,0.051780540705803624,9.287038037380846,9.771356974776712,-0.4927324252673948
mixed,kv-kv/parallel/total/graph,submit_us,6.96,7.12,12.842500000000001,5.4725,84.51867816091956,80.37219101123596,-21.372126436781603,-57.38758029978587,2.298850574712641
mixed,kv-kv/serial/total/eager,gpu_us,313.78000225000005,313.71049575,312.6799985,313.3902475,-0.3505652820805394,-0.3284866983925272,-0.1242127437074636,0.2271488433565283,-0.02215134791944129
mixed,kv-kv/serial/total/eager,host_us,323.25,322.45,321.65774999999996,322.725,-0.4925754060324916,-0.2456970072879594,-0.16241299303944023,0.33179676224186494,-0.24748646558391263
mixed,kv-kv/serial/total/eager,submit_us,11.145,10.9375,11.4,11.16,2.288021534320328,4.228571428571426,0.1345895020188559,-2.1052631578947434,-1.8618214445939807
mixed,kv-kv/serial/total/graph,gpu_us,319.94074575,320.520751,320.86050525,320.410259,0.2874780759305695,0.1060007032118726,0.14675006426561055,-0.1403246091784327,0.18128520912219503
mixed,kv-kv/serial/total/graph,host_us,329.125,329.1825,330.355,329.5575,0.37371819217622004,0.3561853986770336,0.13140903911887936,-0.24140697128847144,0.017470565894428525
mixed,kv-kv/serial/total/graph,submit_us,4.4275,4.175,7.645,5.140000000000001,72.67080745341615,83.11377245508982,16.092603049124786,-32.76651406147808,-5.702992659514406
mixed,matrix-kv/isolated/compute/eager,gpu_us,101.83324875,101.22324900000001,101.703249,101.81300175,-0.12765943500353538,0.47419936105783655,-0.01988250423955451,0.10791469405269094,-0.5990182553220258
mixed,matrix-kv/isolated/compute/eager,host_us,110.24,109.48275000000001,110.205,109.9775,-0.03174891146588976,0.6596929653301498,-0.23811683599418432,-0.2064334649063082,-0.6869103773584739
mixed,matrix-kv/isolated/compute/eager,submit_us,21.475,20.9,21.11,20.7975,-1.699650756693838,1.0047846889952305,-3.1548311990686972,-1.480341070582658,-2.677532013969741
mixed,matrix-kv/isolated/compute/graph,gpu_us,102.3135,102.53324925,102.28299925,102.58325175,-0.02981107087529633,-0.24406717024038072,0.2636521573399442,0.2935507388340586,0.21478030758403932
mixed,matrix-kv/isolated/compute/graph,host_us,111.60525,111.115,111.42,111.23,-0.16598681513637636,0.2744903928362463,-0.3362297024557481,-0.17052593789265158,-0.43927145004379886
mixed,matrix-kv/isolated/compute/graph,submit_us,5.6,5.1975,10.31,7.2975,84.10714285714288,98.3645983645984,30.312500000000007,-29.2192046556741,-7.187500000000002
mixed,matrix-kv/isolated/scan0/eager,gpu_us,154.36499925,154.375002,154.58499625000002,154.0550035,0.14251741072710544,0.13602866220530085,-0.20081997311965916,-0.3428487646646494,0.006479933954328665
mixed,matrix-kv/isolated/scan0/eager,host_us,164.50275,163.8225,163.7055,162.9775,-0.4846423540031952,-0.071418761159181,-0.9271881473106092,-0.44470100271524204,-0.4135189229359404
mixed,matrix-kv/isolated/scan0/eager,submit_us,5.9174999999999995,5.8475,5.91,5.800000000000001,-0.12674271229403677,1.0688328345446862,-1.9856358259399909,-1.8612521150592087,-1.1829319814110617
mixed,matrix-kv/isolated/scan0/graph,gpu_us,161.135249,161.21550274999998,161.26525025,160.58500125,0.08067834369376303,0.030857764390801456,-0.34148192491388896,-0.4218199512576071,0.049805210528464094
mixed,matrix-kv/isolated/scan0/graph,host_us,171.13275,170.3575,169.78025,169.85750000000002,-0.7903221329640275,-0.3388462497982192,-0.7451817375692116,0.04549999190130993,-0.4530108935899224
mixed,matrix-kv/isolated/scan0/graph,submit_us,4.105,3.9175,7.5975,5.1175,85.07917174177831,93.93746011486918,24.66504263093785,-32.64231655149721,-4.567600487210733
mixed,matrix-kv/parallel/total/eager,gpu_us,226.99750225,224.46700199999998,227.27725275,226.51699925,0.12323946176813205,1.251966090766432,-0.21167765955010243,-0.3345048793053973,-1.1147700855373643
mixed,matrix-kv/parallel/total/eager,host_us,235.70000000000002,233.29025000000001,236.01749999999998,235.20024999999998,0.1347051336444416,1.169037282955454,-0.21202800169708436,-0.34626669632548124,-1.022380144251167
mixed,matrix-kv/parallel/total/eager,submit_us,39.745000000000005,37.235,44.522499999999994,39.275,12.020379922002732,19.571639586410615,-1.1825386841112229,-11.786175529226783,-6.3152597811045545
mixed,matrix-kv/parallel/total/graph,gpu_us,217.73725000000002,218.5270005,219.58699825,263.59900074999996,0.8495322917874581,0.485064887896991,21.06288691989999,20.043082172785233,0.36270803456919243
mixed,matrix-kv/parallel/total/graph,host_us,228.76999999999998,228.7575,230.3175,273.12,0.6764435896315035,0.6819448542670692,19.38628316649911,18.58412843140449,-0.0054640031472596995
mixed,matrix-kv/parallel/total/graph,submit_us,9.7025,9.7275,13.8025,6.32,42.257150219015706,41.89154459007969,-34.862148930687965,-54.21119362434341,0.2576655501159264
mixed,matrix-kv/serial/total/eager,gpu_us,263.70850199999995,263.38824625,263.89849925,263.4184955,0.0720482079868745,0.19372656421261514,-0.10997237396613846,-0.18188953380339212,-0.12144308870252196
mixed,matrix-kv/serial/total/eager,host_us,272.27,272.565,273.28525,272.2725,0.37288353472657576,0.2642488947590671,0.0009182061923906915,-0.370583483740905,0.1083483307011468
mixed,matrix-kv/serial/total/eager,submit_us,29.935000000000002,28.67025,29.615000000000002,28.955,-1.0689827960581266,3.295227631429798,-3.273759812928023,-2.228600371433409,-4.224987472857866
mixed,matrix-kv/serial/total/graph,gpu_us,263.36850225,263.658501,264.21850175000003,264.32874775000005,0.3227415172043502,0.21239624282018976,0.36460149630517247,0.04172531418875636,0.11011140190360091
mixed,matrix-kv/serial/total/graph,host_us,272.48,272.74,273.3425,273.65250000000003,0.3165369935407947,0.2209063577032877,0.4303068115091069,0.11341083073435065,0.0954198473282375
mixed,matrix-kv/serial/total/graph,submit_us,5.55,5.1049999999999995,8.4275,5.9725,51.84684684684686,65.08325171400588,7.612612612612613,-29.130821714624744,-8.018018018018026
pipeline,h128-l8-miss128/isolated/compute/eager,gpu_us,226.17774825,226.15750500000001,226.61700100000002,226.12724825,0.1942068808265418,0.20317521631660895,-0.02232757218193493,-0.21611474330648361,-0.008950151001418938
pipeline,h128-l8-miss128/isolated/compute/eager,host_us,237.00025,236.995,236.915,236.85750000000002,-0.0359704261915339,-0.03375598641321975,-0.060232003974669546,-0.02427030791632978,-0.002215187536713792
pipeline,h128-l8-miss128/isolated/compute/eager,submit_us,10.96,11.645,11.497499999999999,11.4925,4.90419708029195,-1.2666380420781498,4.858576642335755,-0.04348771472058033,6.249999999999978
pipeline,h128-l8-miss128/isolated/compute/graph,gpu_us,234.9172495,234.71749975,234.807752,234.7077505,-0.04661109400567742,0.038451436342046286,-0.08917991354228105,-0.042588670581877874,-0.0850298351547818
pipeline,h128-l8-miss128/isolated/compute/graph,host_us,243.94774999999998,243.44,243.995,243.7975,0.019368901742278233,0.22798225435425312,-0.06159105792120645,-0.08094428164511225,-0.20813883300829783
pipeline,h128-l8-miss128/isolated/compute/graph,submit_us,4.42,5.76,6.47,5.945,46.38009049773755,12.326388888888884,34.50226244343892,-8.114374034003081,30.316742081447966
pipeline,h128-l8-miss128/isolated/d2h/eager,gpu_us,5.80025,5.8100000000000005,5.85,5.80025,0.8577216499288776,0.688468158347666,0.0,-0.8504273504273407,0.16809620274989
pipeline,h128-l8-miss128/isolated/d2h/eager,host_us,15.0825,14.709999999999999,14.7775,14.7775,-2.0222111718879443,0.458871515975523,-2.0222111718879443,0.0,-2.469749709928726
pipeline,h128-l8-miss128/isolated/d2h/eager,submit_us,3.6825,4.4,4.35,4.324999999999999,18.126272912423612,-1.1363636363636576,17.44738628649014,-0.5747126436781658,19.484046164290582
pipeline,h128-l8-miss128/isolated/d2h/graph,gpu_us,12.7105,12.690750000000001,12.7605,12.71025,0.393375555642983,0.549612907038588,-0.001966877778214471,-0.3937933466556909,-0.1553833444789654
pipeline,h128-l8-miss128/isolated/d2h/graph,host_us,21.557499999999997,21.4225,21.7175,21.544999999999998,0.7422010901078746,1.3770568327692967,-0.057984460164672846,-0.7942903188672856,-0.6262321697784956
pipeline,h128-l8-miss128/isolated/d2h/graph,submit_us,3.7824999999999998,5.1850000000000005,5.6375,5.4575,49.04163912756114,8.72709739633557,44.282881692002654,-3.1929046563193064,37.07865168539328
pipeline,h128-l8-miss128/isolated/h2d/eager,gpu_us,9.32025,9.57025,9.36075,9.53025,0.43453770016899096,-2.1890755204932,2.25315844532068,1.8107523435622275,2.6823314825246136
pipeline,h128-l8-miss128/isolated/h2d/eager,host_us,18.07,18.752499999999998,18.23,18.6,0.8854454897620379,-2.7862951606452357,2.933038184836745,2.0296215030170206,3.7769784172661636
pipeline,h128-l8-miss128/isolated/h2d/eager,submit_us,3.6725000000000003,4.3725000000000005,4.1,4.42,11.64057181756295,-6.232132647227006,20.353982300884944,7.804878048780495,19.06058543226685
pipeline,h128-l8-miss128/isolated/h2d/graph,gpu_us,16.13024925,16.100749750000002,16.220750250000002,16.13075,0.5610638657676192,0.7453100126594947,0.0031044157609683154,-0.5548464073047543,-0.18288310082993364
pipeline,h128-l8-miss128/isolated/h2d/graph,host_us,24.994999999999997,25.2975,25.067500000000003,25.05,0.29005801160233435,-0.9091807490858694,0.22004400880177855,-0.06981150892590993,1.2102420484096932
pipeline,h128-l8-miss128/isolated/h2d/graph,submit_us,3.8099999999999996,5.495,6.0425,5.7325,58.595800524934404,9.963603275705202,50.45931758530185,-5.130326851468769,44.22572178477693
pipeline,h128-l8-miss128/serial/total/eager,gpu_us,2155.4197670000003,2157.09948575,2153.8289785,2155.669272,-0.07380411576229928,-0.1516159672562689,0.011575703434640872,0.08544287955869478,0.07793000582607679
pipeline,h128-l8-miss128/serial/total/eager,host_us,2164.4252500000002,2166.2875000000004,2162.67575,2165.818,-0.08082977224556087,-0.1667253307790606,0.0643473365504299,0.14529455004987923,0.08603900735311143
pipeline,h128-l8-miss128/serial/total/eager,submit_us,118.4725,128.6525,129.33025,130.05,9.164785076705574,0.5268067079924554,9.772310029753761,0.556520999534138,8.59271138871891
pipeline,h128-l8-miss128/serial/total/graph,gpu_us,2156.30954525,2157.18370675,2156.60893925,2157.45955675,0.013884555705789836,-0.026644346431958787,0.05333239388256583,0.03944236178006211,0.04053970367685622
pipeline,h128-l8-miss128/serial/total/graph,host_us,2165.1130000000003,2166.69275,2165.24525,2166.78025,0.006108226221890334,-0.06680688805554835,0.07700521866524923,0.07089266215916101,0.072963859161157
pipeline,h128-l8-miss128/serial/total/graph,submit_us,7.025,11.432500000000001,12.315000000000001,12.05,75.30249110320287,7.719221517603336,71.53024911032028,-2.1518473406414995,62.740213523131686
pipeline,h128-l8-miss128/three_streams/total/eager,gpu_us,2266.2237882500003,2268.8729762499997,2268.57298625,2265.10250575,0.10366134236963198,-0.013221983034739093,-0.049478012975323615,-0.1529807734216626,0.11689878174145907
pipeline,h128-l8-miss128/three_streams/total/eager,host_us,2275.983,2277.81825,2277.9532499999996,2273.668,0.08656699105393795,0.005926723960514302,-0.10171429224208328,-0.1881184348273779,0.08063548805063991
pipeline,h128-l8-miss128/three_streams/total/eager,submit_us,168.34750000000003,208.60500000000002,209.6725,207.35524999999998,24.54743907690935,0.5117327005584649,23.170970759886522,-1.1051759291275776,23.9133340263443
pipeline,h128-l8-miss128/three_streams/total/graph,gpu_us,2189.020276,2188.590765,2184.3602060000003,2184.94999425,-0.21288382072528478,-0.19330059633143604,-0.18594079710571032,0.02700050332264947,-0.019621152198057157
pipeline,h128-l8-miss128/three_streams/total/graph,host_us,2197.5527500000003,2198.2155000000002,2193.55325,2194.643,-0.1819979065349142,-0.212092490476945,-0.1324086532166424,0.049679669276336824,0.030158547957492843
pipeline,h128-l8-miss128/three_streams/total/graph,submit_us,118.675,139.07,139.8825,141.875,17.870233831893835,0.5842381534479024,19.54918896144935,1.4244097724876337,17.18559089951548
pipeline,h128-l8-miss128/two_streams/total/eager,gpu_us,2260.17296325,2260.66249625,2257.9022047500002,2258.0130102499998,-0.10046835073783678,-0.12210099935654473,-0.09556582770968713,0.004907453465707867,0.021659094589643324
pipeline,h128-l8-miss128/two_streams/total/eager,host_us,2270.92325,2268.89825,2266.8827499999998,2266.6952499999998,-0.17792323012237876,-0.08883166091738781,-0.18617978392708734,-0.008271270316029256,-0.08917078109088594
pipeline,h128-l8-miss128/two_streams/total/eager,submit_us,159.1225,199.2105,200.66000000000003,200.0725,26.104102185423184,0.7276222889857964,25.734889786171024,-0.29278381341574233,25.19316878505553
pipeline,h128-l8-miss128/two_streams/total/graph,gpu_us,2165.2495262499997,2169.8045134999998,2169.0599920000004,2168.76029975,0.1759827541262693,-0.03431283764814275,0.1621417512133405,-0.013816687924994575,0.21036777492748904
pipeline,h128-l8-miss128/two_streams/total/graph,host_us,2173.99025,2178.9179999999997,2177.8535,2178.68775,0.1777031888712699,-0.04885452320828598,0.21607732601378604,0.038306066041626785,0.22666844987000445
pipeline,h128-l8-miss128/two_streams/total/graph,submit_us,121.825,135.2825,137.13,135.715,12.563102811409799,1.3656607469554327,11.401600656679655,-1.031867570918099,11.046583213626104
pipeline,h32-l32-miss128/isolated/compute/eager,gpu_us,226.767499,226.87775275,226.70725,227.0375005,-0.02656862216396938,-0.07515181543070737,0.11906534278089964,0.14567266816567503,0.04861973187790802
pipeline,h32-l32-miss128/isolated/compute/eager,host_us,237.055,237.5725,237.23749999999998,237.29000000000002,0.07698635337789472,-0.14100958654726936,0.09913311256881663,0.022129722324693013,0.21830376916749383
pipeline,h32-l32-miss128/isolated/compute/eager,submit_us,11.53,11.34,11.125,11.355,-3.5125758889852476,-1.895943562610225,-1.5177797051170727,2.0674157303370855,-1.647875108412833
pipeline,h32-l32-miss128/isolated/compute/graph,gpu_us,233.33774875,233.28749825,233.12775075000002,233.19799825,-0.08999743981630282,-0.06847666557288079,-0.05989193808059179,0.030132620322542714,-0.021535521050153328
pipeline,h32-l32-miss128/isolated/compute/graph,host_us,242.43,242.27749999999997,242.35500000000002,242.1825,-0.030936765251821097,0.0319881128045596,-0.10209132533102183,-0.07117657981061676,-0.06290475601206102
pipeline,h32-l32-miss128/isolated/compute/graph,submit_us,4.585,6.51,6.825,6.0,48.854961832061086,4.8387096774193505,30.861504907306436,-12.08791208791209,41.984732824427475
pipeline,h32-l32-miss128/isolated/d2h/eager,gpu_us,5.750249999999999,5.83,5.85,5.83,1.7347071866440578,0.34305317324183626,1.3868962219033998,-0.34188034188032956,1.3868962219033998
pipeline,h32-l32-miss128/isolated/d2h/eager,host_us,14.48,14.5525,14.6475,14.4775,1.156767955801108,0.6528087957395678,-0.01726519337017507,-1.1606076122205322,0.5006906077348106
pipeline,h32-l32-miss128/isolated/d2h/eager,submit_us,3.9174999999999995,3.7925,3.6799999999999997,3.6275,-6.062539885130825,-2.966381015161512,-7.402680280791307,-1.4266304347826053,-3.190810465858318
pipeline,h32-l32-miss128/isolated/d2h/graph,gpu_us,12.730500000000001,12.70025,12.750499999999999,12.700500000000002,0.1571030203055379,0.39566150272631884,-0.23565453045834017,-0.39214148464763454,-0.23761831821217383
pipeline,h32-l32-miss128/isolated/d2h/graph,host_us,21.43275,21.5075,21.587500000000002,21.597499999999997,0.7220258716217121,0.37196326862722895,0.768683440062512,0.04632310364791614,0.34876532409513494
pipeline,h32-l32-miss128/isolated/d2h/graph,submit_us,3.755,5.5075,5.475,5.5600000000000005,45.80559254327563,-0.5901044030867109,48.06924101198404,1.5525114155251263,46.67110519307591
pipeline,h32-l32-miss128/isolated/h2d/eager,gpu_us,9.40025,9.57075,9.42,9.5105,0.2101007951916145,-1.5751116683645483,1.1728411478418188,0.9607218683651775,1.8137815483630915
pipeline,h32-l32-miss128/isolated/h2d/eager,host_us,18.677500000000002,18.46,18.2825,18.41,-2.1148440637130395,-0.9615384615384692,-1.4322045241600967,0.6973882127717879,-1.164502743943252
pipeline,h32-l32-miss128/isolated/h2d/eager,submit_us,4.3225,4.140000000000001,4.095,4.1575,-5.263157894736848,-1.0869565217391464,-3.817235396182761,1.5262515262515208,-4.222093695777884
pipeline,h32-l32-miss128/isolated/h2d/graph,gpu_us,16.130499999999998,16.16075,16.18050075,16.160249999999998,0.30997644214378894,0.1222143155484634,0.1844332165772844,-0.1251552737019157,0.18753293450297637
pipeline,h32-l32-miss128/isolated/h2d/graph,host_us,24.685,25.46,25.1525,24.942500000000003,1.8938626696374472,-1.2077769049489429,1.0431436094794577,-0.8349070668919434,3.1395584362973628
pipeline,h32-l32-miss128/isolated/h2d/graph,submit_us,4.165,6.2025,6.445,6.08,54.74189675870349,3.9097138250705488,45.97839135654262,-5.663304887509701,48.91956782713085
pipeline,h32-l32-miss128/serial/total/eager,gpu_us,8595.2878,8595.32451625,8596.1556435,8598.5045435,0.010096735795173117,0.009669527292754942,0.037424500201144184,0.027325005472356168,0.00042716719736990427
pipeline,h32-l32-miss128/serial/total/eager,host_us,8604.787,8605.74175,8606.17925,8608.097,0.016179947278160967,0.005083815116813106,0.03846696030940233,0.022283407587631032,0.011095568083185903
pipeline,h32-l32-miss128/serial/total/eager,submit_us,448.6325,466.68275,470.1325,465.81025,4.792341170111403,0.73920666662739,3.8289134202270203,-0.9193684759083887,4.023393311897827
pipeline,h32-l32-miss128/serial/total/graph,gpu_us,8585.92677125,8597.367525,8593.1756495,8590.004682499999,0.08442744089400822,-0.04875766317782304,0.047495295017574435,-0.03690099131380409,0.13325007369395792
pipeline,h32-l32-miss128/serial/total/graph,host_us,8594.952000000001,8606.011749999998,8602.157,8598.74675,0.08382827501536294,-0.04479136343265022,0.044150915560647874,-0.039644126467341945,0.12867727475378565
pipeline,h32-l32-miss128/serial/total/graph,submit_us,13.6725,25.275,26.2925,25.792500000000004,92.30206619125984,4.025717111770533,88.64509051014815,-1.901682989445641,84.86012068019748
pipeline,h32-l32-miss128/three_streams/total/eager,gpu_us,8944.149255749999,8948.346138,8948.7864975,8952.5051115,0.05184664988702181,0.004921127247503598,0.09342258845501661,0.04155439400683747,0.04692321348847006
pipeline,h32-l32-miss128/three_streams/total/eager,host_us,8954.952,8957.6495,8957.572,8962.242,0.029257554926043206,-0.0008651823226513145,0.08140747153084771,0.05213466327704808,0.030122997867554346
pipeline,h32-l32-miss128/three_streams/total/eager,submit_us,638.5550000000001,791.7049999999999,797.82775,775.1702499999999,24.94268308916223,0.7733625529711352,21.39443744078424,-2.8398987124727326,23.9838385103867
pipeline,h32-l32-miss128/three_streams/total/graph,gpu_us,8708.89019975,8708.26029775,8706.7997455,8707.14712175,-0.024003681319340053,-0.016772032530720793,-0.02001492681639183,0.003989712180740845,-0.00723286188656358
pipeline,h32-l32-miss128/three_streams/total/graph,host_us,8718.8995,8717.427,8716.5595,8716.7945,-0.026838249483207566,-0.009951330822732807,-0.024142955197492544,0.0026960178497015264,-0.016888599300857177
pipeline,h32-l32-miss128/three_streams/total/graph,submit_us,452.13275,511.07775,513.7900000000001,504.4,13.636979404831905,0.5306922479016318,11.560155728599607,-1.8275949317814844,13.037100276412183
pipeline,h32-l32-miss128/two_streams/total/eager,gpu_us,8902.69756325,8907.536029750001,8906.35609625,8907.29117375,0.04109465669261958,-0.013246463399763098,0.05159796193641153,0.01049899071960958,0.054348319322605754
pipeline,h32-l32-miss128/two_streams/total/eager,host_us,8911.9345,8916.877,8915.642,8916.734499999999,0.041601517605416305,-0.013850140581739279,0.053860359947655034,0.012253744598522687,0.05545933938362335
pipeline,h32-l32-miss128/two_streams/total/eager,submit_us,624.8625000000001,794.06025,797.58525,774.57275,27.641721178659285,0.44392097451042556,23.958910960411274,-2.885271511728671,27.077597071355687
pipeline,h32-l32-miss128/two_streams/total/graph,gpu_us,8602.127790499999,8604.175806,8605.71503625,8603.04474825,0.04170184211820249,0.017889339835752693,0.010659662031686779,-0.031029240321711615,0.023808243144940455
pipeline,h32-l32-miss128/two_streams/total/graph,host_us,8610.769250000001,8613.692000000001,8614.89675,8611.9645,0.04793416105068893,0.013986453195657944,0.013880873651306302,-0.03403697206237899,0.03394296043874867
pipeline,h32-l32-miss128/two_streams/total/graph,submit_us,455.49,506.43525,511.7375,504.095,12.348789216009127,1.0469749094282,10.670925816154032,-1.4934414616868952,11.184713166040972
pipeline,h32-l8-miss32/isolated/compute/eager,gpu_us,194.545999,194.286,194.07575200000002,194.12575325,-0.2417150712001881,-0.10821572321215722,-0.21601356602558575,0.025763780114052004,-0.13364397177861864
pipeline,h32-l8-miss32/isolated/compute/eager,host_us,204.80025,204.4475,204.68,204.69,-0.058715748638005216,0.1137211264505611,-0.05383294209846401,0.004885675200316797,-0.17224100068238268
pipeline,h32-l8-miss32/isolated/compute/eager,submit_us,11.1225,10.7975,10.895,10.8475,-2.0454034614520222,0.9029868025005827,-2.4724657226342983,-0.43597980725103014,-2.9220049449314556
pipeline,h32-l8-miss32/isolated/compute/graph,gpu_us,200.6262465,200.60624925,200.73625074999998,200.78599825,0.054830438150066385,0.0648043121717512,0.07962654577200468,0.024782519258059743,-0.009967414707134914
pipeline,h32-l8-miss32/isolated/compute/graph,host_us,209.945,209.655,209.82,209.96025,-0.05953940317702244,0.07870072261573213,0.007263807187607441,0.0668430082928273,-0.1381314153706903
pipeline,h32-l8-miss32/isolated/compute/graph,submit_us,4.2325,5.32,5.817500000000001,5.452500000000001,37.44831659775549,9.351503759398504,28.824571766095698,-6.2741727546196895,25.69403425871235
pipeline,h32-l8-miss32/isolated/d2h/eager,gpu_us,5.8004999999999995,5.76,5.779999999999999,5.81,-0.3534178088095863,0.3472222222222099,0.16377898457029527,0.519031141868509,-0.6982156710628407
pipeline,h32-l8-miss32/isolated/d2h/eager,host_us,14.4475,14.4875,14.42,14.4825,-0.19034435023360663,-0.4659188955996596,0.242256445751865,0.43342579750347277,0.2768645094306965
pipeline,h32-l8-miss32/isolated/d2h/eager,submit_us,3.64,3.7375,3.6675,3.7325,0.7554945054945028,-1.8729096989966498,2.541208791208782,1.7723244717109843,2.678571428571419
pipeline,h32-l8-miss32/isolated/d2h/graph,gpu_us,12.660499999999999,12.75075,12.790500000000002,12.690249999999999,1.0268156865842704,0.3117463678607324,0.23498282058369568,-0.7837848403111858,0.7128470439556223
pipeline,h32-l8-miss32/isolated/d2h/graph,host_us,21.174999999999997,21.68,21.494999999999997,21.612499999999997,1.5112160566705946,-0.8533210332103414,2.066115702479343,0.5466387531984251,2.384887839433314
pipeline,h32-l8-miss32/isolated/d2h/graph,submit_us,3.67,5.1525,5.1925,5.3325,41.485013623978205,0.7763221737020931,45.299727520435965,2.696196437168985,40.395095367847404
pipeline,h32-l8-miss32/isolated/h2d/eager,gpu_us,7.93025,7.9305,7.94,8.01025,0.12294694366508097,0.1197906815459282,1.008795435200649,0.8847607052896667,0.0031524857350140323
pipeline,h32-l8-miss32/isolated/h2d/eager,host_us,16.735,16.5425,16.7725,16.945,0.22408126680610874,1.3903581683542443,1.2548550941141379,1.0284692204501455,-1.150283836271282
pipeline,h32-l8-miss32/isolated/h2d/eager,submit_us,3.9325,3.58,3.9425,3.8225,0.2542911633820699,10.125698324022348,-2.7972027972028024,-3.0437539632213073,-8.963763509218058
pipeline,h32-l8-miss32/isolated/h2d/graph,gpu_us,14.8705,14.8105,14.900500000000001,14.79075,0.20174170337246,0.6076769859221676,-0.5362966947984327,-0.7365524646824051,-0.4034834067448978
pipeline,h32-l8-miss32/isolated/h2d/graph,host_us,23.4725,23.727500000000003,23.795,23.785,1.373948237298972,0.28448003371615016,1.3313451911811658,-0.04202563563774353,1.0863776760038357
pipeline,h32-l8-miss32/isolated/h2d/graph,submit_us,4.4,6.3375,6.66,6.3825,51.363636363636346,5.088757396449695,45.05681818181817,-4.1666666666666625,44.03409090909089
pipeline,h32-l8-miss32/serial/total/eager,gpu_us,1680.53352825,1678.9999902499999,1680.13975025,1681.120515,-0.023431725305123052,0.06788326424171931,0.034928595004668495,0.05837399834474066,-0.09125304400187106
pipeline,h32-l8-miss32/serial/total/eager,host_us,1689.2379999999998,1688.0282499999998,1689.9627500000001,1690.2602499999998,0.04290396024717591,0.11460116262866915,0.06051545134551084,0.017603938311627765,-0.07161513060918168
pipeline,h32-l8-miss32/serial/total/eager,submit_us,116.4975,120.5375,122.3975,121.365,5.064486362368292,1.5430882505444332,4.178201248953828,-0.8435629812700407,3.467885576943708
pipeline,h32-l8-miss32/serial/total/graph,gpu_us,1680.9842885,1682.661265,1681.5915405,1681.33199225,0.03612478737333724,-0.06357337167323118,0.020684533007164774,-0.015434678621351061,0.09976158084714637
pipeline,h32-l8-miss32/serial/total/graph,host_us,1689.3605,1691.423,1690.39525,1690.318,0.06125098816978092,-0.0607624467681922,0.05667825191839615,-0.004569937119736078,0.12208761836209892
pipeline,h32-l8-miss32/serial/total/graph,submit_us,6.835,10.825,10.8825,11.3575,59.21726408193124,0.5311778290993274,66.16678858814925,4.36480588100161,58.37600585223115
pipeline,h32-l8-miss32/three_streams/total/eager,gpu_us,1799.805045,1798.90427,1800.6040155,1800.44475225,0.04439205802981849,0.0944878239685254,0.03554314128506597,-0.00884499027155039,-0.05004847622260833
pipeline,h32-l8-miss32/three_streams/total/eager,host_us,1809.85775,1808.31525,1810.28775,1809.2505,0.02375877330691445,0.10907943180813451,-0.0335523606758481,-0.05729752079468575,-0.0852276926183726
pipeline,h32-l8-miss32/three_streams/total/eager,submit_us,166.38275000000002,200.565,205.0025,200.9925,23.211390603893722,2.2124996883803316,20.801284988978708,-1.9560737064182154,20.54434729561807
pipeline,h32-l8-miss32/three_streams/total/graph,gpu_us,1709.5730007500001,1711.2119794999999,1710.97198125,1711.2730145,0.08183215922257236,-0.014025044990040314,0.09944083986199725,0.017594282857880117,0.09587065011442686
pipeline,h32-l8-miss32/three_streams/total/graph,host_us,1718.4355,1720.135,1720.1952500000002,1721.121,0.1024041926508179,0.003502632060858879,0.1562758683698151,0.05381656529976908,0.09889809655352355
pipeline,h32-l8-miss32/three_streams/total/graph,submit_us,116.89999999999999,137.475,139.195,140.0325,19.07185628742516,1.2511365702855048,19.788280581693773,0.6016739107008284,17.600513259195893
pipeline,h32-l8-miss32/two_streams/total/eager,gpu_us,1791.05347375,1786.7032585000002,1788.26501975,1787.32475625,-0.15568792561853062,0.0874102200558502,-0.2081857160966205,-0.05257965064547898,-0.24288583862834834
pipeline,h32-l8-miss32/two_streams/total/eager,host_us,1800.3629999999998,1796.153,1797.1129999999998,1796.0704999999998,-0.1805191508601367,0.05344756265195372,-0.23842414002065437,-0.05800970779243908,-0.2338417308064944
pipeline,h32-l8-miss32/two_streams/total/eager,submit_us,157.7,194.75275,199.2425,195.66750000000002,26.342739378566904,2.3053589743919023,24.075776791376047,-1.7942958957049782,23.49571972098923
pipeline,h32-l8-miss32/two_streams/total/graph,gpu_us,1692.7817762500001,1693.95199425,1694.8519944999998,1691.8912232500002,0.12229681811590787,0.05313020989110573,-0.052608848493918,-0.17469202382318638,0.06912987937479631
pipeline,h32-l8-miss32/two_streams/total/graph,host_us,1701.59775,1703.365,1704.00825,1701.6707499999998,0.14166097716103998,0.03776348580604161,0.004290085597480342,-0.13717656589986582,0.10385827085162003
pipeline,h32-l8-miss32/two_streams/total/graph,submit_us,118.465,131.6925,131.8125,133.3,11.267040898155578,0.09112136226436807,12.522686025408358,1.1284969179706117,11.165745156797357
queued,balanced-64/2/1,total_us,3174.7259999999997,3171.6655,3158.2695,3160.8235,-0.5183596946634061,-0.422364842698586,-0.4379118071921706,0.0808670697671543,-0.09640202020582134
queued,balanced-64/2/1,host_per_trial_us,3184.2704999999996,3181.2505,3169.9305,3169.761,-0.4503386254402608,-0.35583491460355887,-0.45566166567820865,-0.0053471203863897365,-0.09484118890024096
queued,balanced-64/2/16,total_us,3168.38375,3173.133,3165.6319999999996,3164.71475,-0.08685027500221487,-0.23639097384194896,-0.11580036666959392,-0.02897525675755741,0.14989503717786068
queued,balanced-64/2/16,host_per_trial_us,3175.475,3180.8755,3171.4764999999998,3172.9165000000003,-0.1259181697226497,-0.2954846865273475,-0.08057062329256404,0.04540471922149791,0.17006904478857887
queued,balanced-64/4/1,total_us,3805.6535000000003,3871.6139999999996,3855.092,3839.2185,1.2990804338860462,-0.4267470879069979,0.8819773003506448,-0.4117541163738858,1.7332240047602587
queued,balanced-64/4/1,host_per_trial_us,3814.6059999999998,3880.876,3865.636,3848.476,1.3377528373834657,-0.3926948451844492,0.8879029708441788,-0.44391142880498835,1.7372698517225782
queued,balanced-64/4/16,total_us,3787.247,3856.09825,3739.16925,3784.268,-1.269464336495607,-3.032313816174159,-0.0786587196451638,1.2061168399905897,1.8179762238903496
queued,balanced-64/4/16,host_per_trial_us,3801.5280000000002,3865.567,3746.6205,3790.566,-1.4443534284108939,-3.077077696493169,-0.2883577340480059,1.1729370508702486,1.684559471875513
queued,uneven-64/2/1,total_us,3491.9889999999996,3489.3675,3484.9300000000003,3483.9505,-0.20214840310205373,-0.12717204479033573,-0.23019831963959625,-0.02810673385119644,-0.0750718286913199
queued,uneven-64/2/1,host_per_trial_us,3501.571,3499.7105,3494.411,3494.1059999999998,-0.20447964642156258,-0.1514268108747885,-0.2131900224213723,-0.008728223440235272,-0.053133293598783826
queued,uneven-64/2/16,total_us,3482.0395,3488.23975,3479.99025,3479.25125,-0.05885200325843609,-0.23649463887911448,-0.08007519730893753,-0.021235691680454583,0.17806374683573267
queued,uneven-64/2/16,host_per_trial_us,3498.876,3494.5240000000003,3485.6904999999997,3485.796,-0.3768495939839078,-0.25278120854229646,-0.37383433994232496,0.003026659997495962,-0.12438280179120076
queued,uneven-64/4/1,total_us,4572.943499999999,4600.564,4570.887500000001,4540.985000000001,-0.04496010064412026,-0.6450622141111251,-0.6988605916517177,-0.6541946175660618,0.6039982781331332
queued,uneven-64/4/1,host_per_trial_us,4581.9265,4609.916,4579.836,4552.861000000001,-0.04562491345069253,-0.6525064664952618,-0.6343510748153425,-0.588994889773331,0.6108675030033872
queued,uneven-64/4/16,total_us,4569.366749999999,4573.13625,4526.58525,4507.235,-0.9362675911273488,-1.0179228751384661,-1.3597453082530464,-0.4274800745219687,0.0824950196873564
queued,uneven-64/4/16,host_per_trial_us,4574.09,4588.2405,4548.1865,4516.998,-0.5663093642670036,-0.8729708043856865,-1.248160836363088,-0.6857348527814389,0.3093620807635977
waiter,alone,gpu_us,3146.6479999999997,3151.6949999999997,3165.4404999999997,3158.4612500000003,0.5972228225082699,0.4361303996738286,0.37542330759590126,-0.2204827416594779,0.16039290063585288
waiter,pending_wait,gpu_us,5252.8915,3240.80775,3248.6724999999997,3242.38425,-38.15458590759013,0.24267869638363582,-38.27429616621626,-0.19356367870260183,-38.30430820815545
waiter,ready_wait,gpu_us,3146.76375,3151.43325,3166.067,3158.984,0.6134318154643825,0.4643522118071175,0.38834342107822994,-0.22371604896548325,0.14839054886151004
